Date,Close/Last,Volume,Open,High,Low
7/14/2021,$347.63 ,13894220,$354.56 ,$355.20 ,$346.73 
7/13/2021,$352.09 ,11455960,$351.50 ,$358.49 ,$348.80 
7/12/2021,$353.16 ,10018620,$351.23 ,$354.19 ,$349.64 
7/9/2021,$350.42 ,13018690,$345.32 ,$350.71 ,$345.27 
7/8/2021,$345.65 ,14406460,$345.73 ,$348.33 ,$342.56 
7/7/2021,$350.49 ,14218870,$355.26 ,$356.49 ,$350 
7/6/2021,$352.78 ,13488460,$356.50 ,$358.79 ,$349.18 
7/2/2021,$354.70 ,11524610,$355.10 ,$356.44 ,$352.62 
7/1/2021,$354.39 ,17137020,$346.82 ,$354.67 ,$346.50 
6/30/2021,$347.71 ,15107510,$352.17 ,$352.92 ,$347.17 
6/29/2021,$351.89 ,21417310,$356.27 ,$356.74 ,$349.05 
6/28/2021,$355.64 ,29156130,$342.46 ,$358.14 ,$341.77 
6/25/2021,$341.37 ,14594440,$342.59 ,$344.12 ,$339.68 
6/24/2021,$343.18 ,12329100,$341.85 ,$344.90 ,$341.79 
6/23/2021,$340.59 ,14817820,$339.35 ,$343.42 ,$338.20 
6/22/2021,$339.03 ,15345300,$332.69 ,$339.92 ,$332.60 
6/21/2021,$332.29 ,11337520,$331.09 ,$332.92 ,$327.65 
6/18/2021,$329.66 ,23039460,$334.53 ,$336.15 ,$329 
6/17/2021,$336.51 ,17794080,$330.49 ,$337.98 ,$330.15 
6/16/2021,$331.08 ,17232160,$336.70 ,$337.55 ,$328.72 
6/15/2021,$336.75 ,15795230,$336.99 ,$339.92 ,$335.03 
6/14/2021,$336.77 ,12250800,$331.90 ,$336.82 ,$329.81 
6/11/2021,$331.26 ,13587920,$332.58 ,$332.83 ,$328.93 
6/10/2021,$332.46 ,13240230,$330.79 ,$333.94 ,$328.55 
6/9/2021,$330.25 ,13727950,$335.74 ,$336.80 ,$330 
6/8/2021,$333.68 ,14580460,$336.70 ,$338.30 ,$332.24 
6/7/2021,$336.58 ,20136710,$329.48 ,$337.69 ,$328.93 
6/4/2021,$330.35 ,13289380,$325.90 ,$332.46 ,$325.18 
6/3/2021,$326.04 ,12610790,$325.78 ,$327.38 ,$323.48 
6/2/2021,$329.15 ,11654280,$330.38 ,$331.87 ,$327.12 
6/1/2021,$329.13 ,11765910,$330.15 ,$331.42 ,$326.64 
5/28/2021,$328.73 ,12037430,$331 ,$332.87 ,$328.33 
5/27/2021,$332.75 ,20477730,$328 ,$333.78 ,$326.76 
5/26/2021,$327.66 ,9686917,$328.35 ,$329.83 ,$325.82 
5/25/2021,$327.79 ,16436970,$327.08 ,$329.18 ,$324.80 
5/24/2021,$324.63 ,16445360,$318.21 ,$325.95 ,$318.03 
5/21/2021,$316.23 ,13600900,$319.29 ,$319.93 ,$315.81 
5/20/2021,$318.61 ,17320240,$313.58 ,$319.25 ,$313.16 
5/19/2021,$313.59 ,19106240,$304.19 ,$314.66 ,$303.57 
5/18/2021,$309.96 ,14522400,$315.59 ,$316.50 ,$309.81 
5/17/2021,$315.46 ,15371050,$313.55 ,$315.68 ,$311.58 
5/14/2021,$315.94 ,19245720,$309.54 ,$316.85 ,$309.08 
5/13/2021,$305.26 ,18079160,$306.08 ,$308.86 ,$302.77 
5/12/2021,$302.55 ,24641010,$301.13 ,$304.96 ,$298.19 
5/11/2021,$306.53 ,18920090,$300.75 ,$306.84 ,$299.69 
5/10/2021,$305.97 ,24239170,$314.35 ,$314.58 ,$304.83 
5/7/2021,$319.08 ,15916740,$322.38 ,$322.94 ,$318.75 
5/6/2021,$320.02 ,19012240,$314.52 ,$320.24 ,$313.28 
5/5/2021,$315.02 ,15577610,$318.19 ,$321.06 ,$314.49 
5/4/2021,$318.36 ,24032560,$320.03 ,$322.19 ,$313.12 
5/3/2021,$322.58 ,18719460,$326.17 ,$328.55 ,$321.84 
4/30/2021,$325.08 ,26332420,$326.14 ,$329.82 ,$324.50 
4/29/2021,$329.51 ,56526770,$330.12 ,$331.81 ,$321.61 
4/28/2021,$307.10 ,33907210,$307.36 ,$310.92 ,$305.37 
4/27/2021,$303.57 ,15309260,$304.28 ,$305.34 ,$301.11 
4/26/2021,$303.04 ,16172590,$303.34 ,$305.80 ,$301.56 
4/23/2021,$301.13 ,17559500,$298.76 ,$302.59 ,$297.15 
4/22/2021,$296.52 ,16375350,$301.33 ,$302.92 ,$296.04 
4/21/2021,$301.47 ,14863470,$301.95 ,$301.98 ,$297.39 
4/20/2021,$302.65 ,16796440,$301.99 ,$305.10 ,$297.21 
4/19/2021,$302.24 ,14553510,$305.01 ,$307.70 ,$300.56 
4/16/2021,$306.18 ,13059160,$308.17 ,$308.95 ,$304.61 
4/15/2021,$307.82 ,14558270,$306.34 ,$310.14 ,$304.10 
4/14/2021,$302.82 ,17421390,$307.30 ,$308.03 ,$301.95 
4/13/2021,$309.76 ,14036930,$312.21 ,$314.43 ,$309.32 
4/12/2021,$311.54 ,10881940,$311.05 ,$312.15 ,$307.93 
4/9/2021,$312.46 ,15988570,$311.40 ,$314.74 ,$310.33 
4/8/2021,$313.02 ,20894150,$314.85 ,$315.88 ,$310.05 
4/7/2021,$313.09 ,22855240,$306.34 ,$314.25 ,$305.50 
4/6/2021,$306.26 ,17335250,$308.84 ,$311.35 ,$305.25 
4/5/2021,$308.91 ,28237010,$300.89 ,$310.77 ,$300.68 
4/1/2021,$298.66 ,17615980,$298.40 ,$302.40 ,$296.60 
3/31/2021,$294.53 ,19498160,$289.99 ,$296.50 ,$288.61 
3/30/2021,$288 ,17474540,$289.83 ,$292.47 ,$286.70 
3/29/2021,$290.82 ,21718830,$285.77 ,$293.18 ,$284.70 
3/26/2021,$283.02 ,17629190,$278.30 ,$284.50 ,$277.77 
3/25/2021,$278.74 ,24505650,$280.98 ,$288.06 ,$277.75 
3/24/2021,$282.14 ,18675050,$291 ,$291.72 ,$281.16 
3/23/2021,$290.63 ,23000930,$293.15 ,$298 ,$289.81 
3/22/2021,$293.54 ,28273070,$290.45 ,$299.71 ,$286.75 
3/19/2021,$290.11 ,38930540,$281.22 ,$292.80 ,$281.20 
3/18/2021,$278.62 ,18754850,$279.87 ,$285.19 ,$278.28 
3/17/2021,$284.01 ,21315040,$275.71 ,$286.23 ,$275.41 
3/16/2021,$279.28 ,22437670,$276.09 ,$282.14 ,$274.80 
3/15/2021,$273.75 ,16856750,$269.08 ,$275.96 ,$268.50 
3/12/2021,$268.40 ,20600200,$269.14 ,$269.74 ,$264.02 
3/11/2021,$273.88 ,21833980,$268.11 ,$277.90 ,$267.82 
3/10/2021,$264.90 ,14210320,$268.64 ,$268.97 ,$262.87 
3/9/2021,$265.74 ,22039740,$261.18 ,$268.53 ,$259.81 
3/8/2021,$255.31 ,18391770,$265.55 ,$265.58 ,$255.05 
3/5/2021,$264.28 ,26820060,$260.67 ,$265.45 ,$255.61 
3/4/2021,$257.64 ,31626460,$256.47 ,$266.49 ,$253.50 
3/3/2021,$255.41 ,15513520,$260.29 ,$260.99 ,$255.10 
3/2/2021,$259 ,15191720,$265.78 ,$266.71 ,$258.65 
3/1/2021,$264.91 ,22157260,$260.82 ,$266.65 ,$257.90 
2/26/2021,$257.62 ,26619520,$256.47 ,$265.55 ,$256.47 
2/25/2021,$254.69 ,19053140,$262.30 ,$266.94 ,$254.04 
2/24/2021,$264.31 ,15736120,$262.33 ,$266.38 ,$258.39 
2/23/2021,$265.86 ,21924560,$259.50 ,$267.46 ,$254.96 
2/22/2021,$260.33 ,17434870,$257.95 ,$263.07 ,$257.53 
2/19/2021,$261.56 ,25622590,$269.86 ,$270.27 ,$260.15 
2/18/2021,$269.39 ,15249130,$269.57 ,$271.95 ,$266.03 
2/17/2021,$273.57 ,12763240,$271.24 ,$273.97 ,$269.58 
2/16/2021,$273.97 ,15417240,$270.80 ,$276.60 ,$270.05 
2/12/2021,$270.50 ,9097597,$270.52 ,$271.18 ,$268.34 
2/11/2021,$270.39 ,12828570,$271.89 ,$273.58 ,$268.49 
2/10/2021,$271.87 ,14687150,$272.45 ,$273.80 ,$267.72 
2/9/2021,$269.45 ,14613380,$266.44 ,$273.39 ,$265.75 
2/8/2021,$266.58 ,13755190,$268.75 ,$269.86 ,$265 
2/5/2021,$268.10 ,12454370,$266.80 ,$269.17 ,$265.67 
2/4/2021,$266.49 ,16059960,$267.01 ,$268.16 ,$264 
2/3/2021,$266.65 ,14223380,$265.62 ,$269.20 ,$263.84 
2/2/2021,$267.08 ,17320790,$264 ,$268.85 ,$263.27 
2/1/2021,$262.01 ,22914260,$259.52 ,$264.17 ,$254.91 
1/29/2021,$258.33 ,30389500,$265.30 ,$266.56 ,$254.85 
1/28/2021,$265 ,37758840,$277.18 ,$286.79 ,$264.70 
1/27/2021,$272.14 ,35346190,$282.53 ,$283.45 ,$268.12 
1/26/2021,$282.05 ,19373640,$278.14 ,$285.39 ,$277.81 
1/25/2021,$278.01 ,19086990,$278.14 ,$280.10 ,$271.51 
1/22/2021,$274.50 ,21954040,$272.01 ,$278.47 ,$272 
1/21/2021,$272.87 ,20838690,$269.26 ,$273.60 ,$267.49 
1/20/2021,$267.48 ,25199920,$268.93 ,$270.32 ,$263.60 
1/19/2021,$261.10 ,28028550,$256.90 ,$262.20 ,$252.72 
1/15/2021,$251.36 ,24942930,$247.90 ,$253.86 ,$247.16 
1/14/2021,$245.64 ,29739400,$253.40 ,$255.03 ,$244.61 
1/13/2021,$251.64 ,19528940,$251.55 ,$253.95 ,$249.20 
1/12/2021,$251.09 ,26449940,$256.63 ,$259.72 ,$250.30 
1/11/2021,$256.84 ,30412290,$260.48 ,$263.47 ,$255.90 
1/8/2021,$267.57 ,18528250,$268.31 ,$268.95 ,$263.18 
1/7/2021,$268.74 ,15789760,$265.90 ,$271.61 ,$264.78 
1/6/2021,$263.31 ,24354150,$262 ,$267.75 ,$260.01 
1/5/2021,$270.97 ,9871557,$268.29 ,$272.40 ,$268.21 
1/4/2021,$268.94 ,15106110,$274.78 ,$275 ,$265.20 
12/31/2020,$273.16 ,12900410,$272 ,$277.09 ,$269.81 
12/30/2020,$271.87 ,11803800,$277.95 ,$278.08 ,$271.71 
12/29/2020,$276.78 ,16383000,$276.95 ,$280.51 ,$276.28 
12/28/2020,$277 ,23299710,$268.74 ,$277.30 ,$265.66 
12/24/2020,$267.40 ,6702033,$268.88 ,$270.40 ,$266.20 
12/23/2020,$268.11 ,14329040,$266.89 ,$272.17 ,$266.23 
12/22/2020,$267.09 ,17335000,$271.50 ,$271.50 ,$264.63 
12/21/2020,$272.79 ,16553740,$272.98 ,$274.67 ,$267.79 
12/18/2020,$276.40 ,26693250,$275.78 ,$278 ,$271.14 
12/17/2020,$274.48 ,16377840,$277.07 ,$280.44 ,$273.61 
12/16/2020,$275.67 ,15885000,$274.76 ,$277.86 ,$272.51 
12/15/2020,$275.55 ,23979460,$274.83 ,$276.08 ,$267.47 
12/14/2020,$274.19 ,16376880,$273.37 ,$277.22 ,$271.56 
12/11/2020,$273.55 ,14391400,$274.53 ,$276.48 ,$270.25 
12/10/2020,$277.12 ,20065090,$275.54 ,$278.73 ,$271.86 
12/9/2020,$277.92 ,25189710,$283.66 ,$287.63 ,$271.75 
12/8/2020,$283.40 ,10747650,$286.01 ,$286.43 ,$281.55 
12/7/2020,$285.58 ,13007670,$279.19 ,$288.49 ,$278.20 
12/4/2020,$279.70 ,10880300,$280.30 ,$283.46 ,$279.30 
12/3/2020,$281.85 ,12921690,$286.25 ,$286.65 ,$281.07 
12/2/2020,$287.52 ,17361620,$285.36 ,$291.78 ,$280.83 
12/1/2020,$286.55 ,20777910,$279.16 ,$289.30 ,$278.96 
11/30/2020,$276.97 ,16693340,$276.03 ,$277.70 ,$271.01 
11/27/2020,$277.81 ,7808426,$277.39 ,$279.13 ,$274.82 
11/25/2020,$275.59 ,12467010,$278.14 ,$280.18 ,$272.65 
11/24/2020,$276.92 ,16930420,$268.49 ,$277.82 ,$267.87 
11/23/2020,$268.43 ,20990790,$270.89 ,$270.95 ,$264.53 
11/20/2020,$269.70 ,18122410,$272.56 ,$273 ,$269.41 
11/19/2020,$272.94 ,12963660,$271.03 ,$273.47 ,$269.19 
11/18/2020,$271.97 ,12152950,$274.52 ,$277.39 ,$271.84 
11/17/2020,$275 ,15040300,$277.68 ,$277.68 ,$273.29 
11/16/2020,$278.96 ,12970350,$275.05 ,$279.41 ,$274.63 
11/13/2020,$276.95 ,10400100,$277.72 ,$277.76 ,$273.10 
11/12/2020,$275.08 ,12914210,$277.18 ,$279.75 ,$274.43 
11/11/2020,$276.48 ,14956950,$273.47 ,$278.40 ,$272.48 
11/10/2020,$272.43 ,29067690,$273.10 ,$274 ,$264 
11/9/2020,$278.77 ,25117650,$289.87 ,$292.58 ,$278.53 
11/6/2020,$293.41 ,13890970,$293.95 ,$294.60 ,$288.06 
11/5/2020,$294.68 ,23823630,$291.90 ,$297.38 ,$288.95 
11/4/2020,$287.38 ,35364420,$281 ,$288.94 ,$278.62 
11/3/2020,$265.30 ,17961860,$263.16 ,$270.05 ,$260.88 
11/2/2020,$261.36 ,27165680,$264.60 ,$270.47 ,$257.34 
10/30/2020,$263.11 ,47299000,$274.50 ,$276.70 ,$259.10 
10/29/2020,$280.83 ,32368120,$276.55 ,$283.60 ,$273.78 
10/28/2020,$267.67 ,23121810,$278.79 ,$278.79 ,$267.26 
10/27/2020,$283.29 ,16287250,$278.76 ,$284.51 ,$276.31 
10/26/2020,$277.11 ,21322930,$283.16 ,$285.23 ,$274.26 
10/23/2020,$284.79 ,17535160,$278.80 ,$285.24 ,$276.82 
10/22/2020,$278.12 ,16720030,$279.87 ,$282.45 ,$275.04 
10/21/2020,$278.73 ,28998640,$279.56 ,$283.05 ,$276.37 
10/20/2020,$267.56 ,18763250,$263.06 ,$269.70 ,$262.88 
10/19/2020,$261.40 ,13586960,$265.53 ,$268.55 ,$259.88 
10/16/2020,$265.93 ,16622700,$267.38 ,$271.37 ,$265.30 
10/15/2020,$266.72 ,15416060,$267.60 ,$269.04 ,$263.67 
10/14/2020,$271.82 ,15601150,$277.62 ,$278.75 ,$271.50 
10/13/2020,$276.14 ,18063340,$277.58 ,$279.10 ,$273.39 
10/12/2020,$275.75 ,31019260,$270.20 ,$280.18 ,$267.87 
10/9/2020,$264.45 ,14107800,$264.52 ,$264.75 ,$262.17 
10/8/2020,$263.76 ,16312760,$259.75 ,$264.62 ,$259.15 
10/7/2020,$258.12 ,23133420,$259.21 ,$260.18 ,$254.82 
10/6/2020,$258.66 ,18696920,$261.78 ,$265.69 ,$258.24 
10/5/2020,$264.65 ,12822250,$262.20 ,$264.87 ,$260.84 
10/2/2020,$259.94 ,16367600,$261.21 ,$265.15 ,$259.18 
10/1/2020,$266.63 ,20009800,$265.35 ,$268.33 ,$264.80 
9/30/2020,$261.90 ,20142550,$261.98 ,$266.09 ,$260.10 
9/29/2020,$261.79 ,20215500,$257.81 ,$263.33 ,$256.90 
9/28/2020,$256.82 ,18826250,$259.40 ,$259.60 ,$254.82 
9/25/2020,$254.82 ,18351310,$249.40 ,$255.75 ,$246.61 
9/24/2020,$249.53 ,20006750,$246.50 ,$252.24 ,$245.62 
9/23/2020,$249.02 ,19641270,$255.26 ,$257.99 ,$248.15 
9/22/2020,$254.75 ,30293100,$253.31 ,$255.32 ,$248.22 
9/21/2020,$248.15 ,24709380,$247.54 ,$249.95 ,$244.13 
9/18/2020,$252.53 ,28130770,$258.41 ,$259.20 ,$250.05 
9/17/2020,$254.82 ,31281440,$258.28 ,$261.50 ,$250.19 
9/16/2020,$263.52 ,29207590,$267.29 ,$272.44 ,$261.79 
9/15/2020,$272.42 ,18478530,$270.67 ,$274.52 ,$269.30 
9/14/2020,$266.15 ,24093830,$270.95 ,$276.64 ,$265.70 
9/11/2020,$266.61 ,18913880,$270.06 ,$271.39 ,$262.64 
9/10/2020,$268.09 ,24814670,$275.51 ,$279.16 ,$267.03 
9/9/2020,$273.72 ,22918770,$275.77 ,$278.48 ,$271.35 
9/8/2020,$271.16 ,24864000,$271.28 ,$279.30 ,$269.42 
9/4/2020,$282.73 ,30333670,$287.25 ,$289 ,$271.14 
9/3/2020,$291.12 ,32294090,$295.99 ,$297.60 ,$283.63 
9/2/2020,$302.50 ,24341370,$298.88 ,$303.60 ,$293.05 
9/1/2020,$295.44 ,17320870,$294.71 ,$301.49 ,$292.71 
8/31/2020,$293.20 ,17345130,$293.95 ,$296.88 ,$291.55 
8/28/2020,$293.66 ,17172420,$295 ,$297.23 ,$290.98 
8/27/2020,$293.22 ,30301310,$300.16 ,$301.23 ,$292.02 
8/26/2020,$303.91 ,69015150,$284 ,$304.67 ,$284 
8/25/2020,$280.82 ,42127240,$272.41 ,$283.09 ,$270.26 
8/24/2020,$271.39 ,23685600,$271.07 ,$277.25 ,$268.77 
8/21/2020,$267.01 ,15538620,$268.69 ,$270.49 ,$266.42 
8/20/2020,$269.01 ,20299690,$261.50 ,$269.63 ,$261.46 
8/19/2020,$262.59 ,23291460,$261.39 ,$267.91 ,$261.35 
8/18/2020,$262.34 ,18690380,$260.95 ,$265.15 ,$259.26 
8/17/2020,$261.16 ,13351060,$262.50 ,$264.10 ,$259.40 
8/14/2020,$261.24 ,14792710,$262.31 ,$262.65 ,$258.68 
8/13/2020,$261.30 ,17373970,$261.55 ,$265.16 ,$259.57 
8/12/2020,$259.89 ,21428330,$258.97 ,$263.90 ,$258.11 
8/11/2020,$256.13 ,28238280,$260.19 ,$265.92 ,$255.13 
8/10/2020,$263 ,30248830,$268.04 ,$273.86 ,$259.69 
8/7/2020,$268.44 ,72766360,$264.08 ,$278.89 ,$263.43 
8/6/2020,$265.28 ,45241610,$249.04 ,$266.60 ,$248.67 
8/5/2020,$249.12 ,13088360,$250.19 ,$252.27 ,$247.77 
8/4/2020,$249.83 ,17183530,$251.56 ,$252.80 ,$247.43 
8/3/2020,$251.96 ,23134100,$252.65 ,$255.40 ,$250.33 
7/31/2020,$253.67 ,53030040,$255.82 ,$255.85 ,$249 
7/30/2020,$234.50 ,20615310,$230.22 ,$234.89 ,$229 
7/29/2020,$233.29 ,13588320,$231.14 ,$233.70 ,$230.31 
7/28/2020,$230.12 ,14170110,$234.63 ,$234.96 ,$229.83 
7/27/2020,$233.50 ,13163080,$231.46 ,$234.95 ,$230.83 
7/24/2020,$230.71 ,18325810,$230.19 ,$233.49 ,$226.90 
7/23/2020,$232.60 ,21771800,$239.63 ,$242.42 ,$231.75 
7/22/2020,$239.87 ,15427890,$240.26 ,$241.90 ,$238.12 
7/21/2020,$241.75 ,19409690,$246.22 ,$246.91 ,$240.08 
7/20/2020,$245.42 ,20872220,$240.06 ,$246.05 ,$235.64 
7/17/2020,$242.03 ,18152410,$241 ,$244.16 ,$237.86 
7/16/2020,$240.93 ,18880710,$238 ,$241.76 ,$236.33 
7/15/2020,$240.28 ,19133560,$241.55 ,$244.82 ,$238.05 
7/14/2020,$239.73 ,23378060,$236.76 ,$240.33 ,$232.03 
7/13/2020,$239 ,24674870,$247.01 ,$250.15 ,$238.42 
7/10/2020,$245.07 ,22982720,$243.69 ,$245.49 ,$239.32 
7/9/2020,$244.50 ,22174900,$245 ,$246.53 ,$239.24 
7/8/2020,$243.58 ,29791340,$238.11 ,$246.99 ,$236.59 
7/7/2020,$240.86 ,27887790,$239.41 ,$247.65 ,$238.82 
7/6/2020,$240.28 ,26206160,$233.76 ,$240.40 ,$232.27 
7/2/2020,$233.42 ,30633620,$239 ,$240 ,$232.61 
7/1/2020,$237.55 ,43399740,$228.50 ,$239 ,$227.56 
6/30/2020,$227.07 ,33927070,$220.59 ,$227.50 ,$218.47 
6/29/2020,$220.64 ,58514280,$209.75 ,$220.75 ,$207.11 
6/26/2020,$216.08 ,76343940,$232.64 ,$233.09 ,$215.40 
6/25/2020,$235.68 ,18704340,$234.62 ,$237.30 ,$232.74 
6/24/2020,$234.02 ,20834900,$241.20 ,$243.22 ,$232.68 
6/23/2020,$242.24 ,24017920,$241.28 ,$245.19 ,$239.86 
6/22/2020,$239.22 ,18917780,$238.56 ,$240.70 ,$236.91 
6/19/2020,$238.79 ,30081290,$237.79 ,$240.83 ,$235.55 
6/18/2020,$235.94 ,15782450,$234.99 ,$236.14 ,$232.15 
6/17/2020,$235.53 ,19578130,$235 ,$237.59 ,$231.73 
6/16/2020,$235.65 ,15236690,$237.14 ,$238.46 ,$233 
6/15/2020,$232.50 ,15340260,$225.09 ,$233.77 ,$224.80 
6/12/2020,$228.58 ,22091390,$229.90 ,$231.66 ,$224.50 
6/11/2020,$224.43 ,26708160,$229.94 ,$232.89 ,$223.55 
6/10/2020,$236.73 ,20720710,$240.96 ,$241.21 ,$235.28 
6/9/2020,$238.67 ,27462870,$231.52 ,$239.77 ,$230.41 
6/8/2020,$231.40 ,15466500,$229.03 ,$231.55 ,$227.41 
6/5/2020,$230.77 ,16750440,$226.71 ,$231.35 ,$225.31 
6/4/2020,$226.29 ,17041480,$229.56 ,$231.63 ,$224.61 
6/3/2020,$230.16 ,15380280,$232.11 ,$232.65 ,$228.53 
6/2/2020,$232.72 ,20919020,$230.94 ,$233 ,$226.56 
6/1/2020,$231.91 ,18223840,$224.59 ,$232.44 ,$223.50 
5/29/2020,$225.09 ,23322480,$225.20 ,$227.49 ,$222.88 
5/28/2020,$225.46 ,29423010,$224.30 ,$231.63 ,$224 
5/27/2020,$229.14 ,34697550,$229.07 ,$230.56 ,$221.13 
5/26/2020,$232.20 ,33178320,$239.77 ,$240.90 ,$231.67 
5/22/2020,$234.91 ,33925560,$231.51 ,$235.99 ,$228.74 
5/21/2020,$231.39 ,47782640,$234.72 ,$237.20 ,$231.20 
5/20/2020,$229.97 ,50162880,$223.50 ,$231.34 ,$223.19 
5/19/2020,$216.88 ,31843150,$213.27 ,$220.49 ,$212.83 
5/18/2020,$213.19 ,20167440,$212.15 ,$214.64 ,$210.94 
5/15/2020,$210.88 ,19383150,$205.27 ,$211.34 ,$204.12 
5/14/2020,$206.81 ,17178950,$202.56 ,$206.93 ,$200.69 
5/13/2020,$205.10 ,20684560,$209.43 ,$210.78 ,$202.11 
5/12/2020,$210.10 ,14704650,$213.29 ,$215.28 ,$210 
5/11/2020,$213.18 ,12911950,$210.89 ,$215 ,$210.37 
5/8/2020,$212.35 ,12524050,$212.24 ,$213.21 ,$210.85 
5/7/2020,$211.26 ,15151980,$211.16 ,$211.60 ,$209.04 
5/6/2020,$208.47 ,21856960,$208.12 ,$211.60 ,$206.66 
5/5/2020,$207.07 ,21071220,$207.02 ,$210.38 ,$206.50 
5/4/2020,$205.26 ,19250670,$200.20 ,$205.91 ,$198.76 
5/1/2020,$202.27 ,30415580,$201.60 ,$207.28 ,$199.05 
4/30/2020,$204.71 ,46230120,$206.92 ,$209.69 ,$201.57 
4/29/2020,$194.19 ,45954520,$190.93 ,$196.91 ,$190 
4/28/2020,$182.91 ,21730990,$188.66 ,$189.20 ,$182.56 
4/27/2020,$187.50 ,29197750,$192.66 ,$193.75 ,$187.41 
4/24/2020,$190.07 ,28868530,$183.23 ,$190.41 ,$180.83 
4/23/2020,$185.13 ,21426600,$184.08 ,$187.05 ,$183.15 
4/22/2020,$182.28 ,33369930,$178.45 ,$184.78 ,$178.14 
4/21/2020,$170.80 ,24850530,$175.25 ,$175.38 ,$168.34 
4/20/2020,$178.24 ,16110580,$177.41 ,$180.50 ,$176.77 
4/17/2020,$179.24 ,20974750,$179.20 ,$180.28 ,$176.66 
4/16/2020,$176.25 ,23593230,$177.95 ,$178.05 ,$172.51 
4/15/2020,$176.97 ,17423000,$175.19 ,$178.19 ,$172.82 
4/14/2020,$178.17 ,21011820,$178.98 ,$181.23 ,$176.62 
4/13/2020,$174.79 ,19355360,$173.67 ,$175 ,$169.45 
4/9/2020,$175.19 ,23534290,$175.90 ,$177.08 ,$171.57 
4/8/2020,$174.28 ,21664200,$171.25 ,$175 ,$167.74 
4/7/2020,$168.83 ,31411920,$171.79 ,$173.39 ,$166.01 
4/6/2020,$165.55 ,28453580,$160.15 ,$166.20 ,$158.51 
4/3/2020,$154.18 ,25983320,$157.15 ,$157.91 ,$150.83 
4/2/2020,$158.19 ,20886310,$159.10 ,$161.35 ,$155.92 
4/1/2020,$159.60 ,19507560,$161.62 ,$164.15 ,$158.04 
3/31/2020,$166.80 ,23676280,$165.48 ,$170.93 ,$164.20 
3/30/2020,$165.95 ,22515230,$159.18 ,$166.75 ,$158.06 
3/27/2020,$156.79 ,24879870,$158.20 ,$160.09 ,$154.75 
3/26/2020,$163.34 ,26579020,$158.25 ,$164 ,$157.02 
3/25/2020,$156.21 ,35184270,$158.92 ,$162.99 ,$153.06 
3/24/2020,$160.98 ,30440370,$155.21 ,$161.31 ,$152.57 
3/23/2020,$148.10 ,29830770,$149.66 ,$152.31 ,$142.25 
3/20/2020,$149.73 ,32568400,$156.02 ,$159.27 ,$148 
3/19/2020,$153.13 ,39862310,$146.62 ,$159.93 ,$144.80 
3/18/2020,$146.96 ,37553140,$139.75 ,$148.18 ,$137.10 
3/17/2020,$149.42 ,34255600,$150.74 ,$153.94 ,$140 
3/16/2020,$146.01 ,39120420,$152.32 ,$159.13 ,$143.10 
3/13/2020,$170.28 ,35028630,$163.53 ,$170.79 ,$157.60 
3/12/2020,$154.47 ,43266340,$159.54 ,$166.60 ,$154.34 
3/11/2020,$170.24 ,20397200,$174.01 ,$175.88 ,$167.66 
3/10/2020,$178.19 ,24517790,$174.67 ,$178.29 ,$169.50 
3/9/2020,$169.50 ,29949040,$169.60 ,$175 ,$165.19 
3/6/2020,$181.09 ,24559550,$178.33 ,$183.78 ,$176.26 
3/5/2020,$185.17 ,19333430,$186.78 ,$188.99 ,$183.89 
3/4/2020,$191.76 ,23062470,$189.17 ,$191.83 ,$186.39 
3/3/2020,$185.89 ,27984100,$196.22 ,$197.24 ,$183.97 
3/2/2020,$196.44 ,24948960,$194.03 ,$196.57 ,$188.85 
2/28/2020,$192.47 ,32583490,$182.70 ,$192.74 ,$181.82 
2/27/2020,$189.75 ,21682630,$191.82 ,$195.88 ,$189.50 
2/26/2020,$197.20 ,16555210,$197.19 ,$201.21 ,$195.49 
2/25/2020,$196.77 ,21433490,$202.25 ,$203.50 ,$195.95 
2/24/2020,$200.72 ,23080060,$201.80 ,$203.65 ,$198.17 
2/21/2020,$210.18 ,14098430,$213.48 ,$214.24 ,$208.83 
2/20/2020,$214.58 ,13109210,$216.52 ,$218.77 ,$212.95 
2/19/2020,$217.49 ,12135110,$217.99 ,$218.32 ,$216.11 
2/18/2020,$217.80 ,15630030,$213.55 ,$217.98 ,$213.40 
2/14/2020,$214.18 ,10741750,$214 ,$214.93 ,$212.65 
2/13/2020,$213.14 ,15396630,$209.52 ,$214.33 ,$209.18 
2/12/2020,$210.76 ,13813700,$207.85 ,$211.22 ,$207.40 
2/11/2020,$207.19 ,25030810,$210.19 ,$210.86 ,$206.51 
2/10/2020,$213.06 ,11856350,$211.52 ,$213.80 ,$210.66 
2/7/2020,$212.33 ,12242530,$210.30 ,$212.82 ,$209.93 
2/6/2020,$210.85 ,10567530,$210.47 ,$211.19 ,$209.34 
2/5/2020,$210.11 ,12538150,$212.51 ,$212.73 ,$208.71 
2/4/2020,$209.83 ,19628890,$206.62 ,$210.60 ,$205.20 
2/3/2020,$204.19 ,15510510,$203.44 ,$205.14 ,$202.50 
1/31/2020,$201.91 ,31359920,$208.43 ,$208.69 ,$201.06 
1/30/2020,$209.53 ,48775500,$206.53 ,$211.43 ,$204.75 
1/29/2020,$223.23 ,33610010,$221.44 ,$224.20 ,$218.45 
1/28/2020,$217.79 ,13413840,$216.14 ,$218.74 ,$213.52 
1/27/2020,$214.87 ,13810660,$213.10 ,$216.06 ,$212.50 
1/24/2020,$217.94 ,11905820,$220.80 ,$221.78 ,$216.11 
1/23/2020,$219.76 ,11195000,$220.75 ,$221.49 ,$219.27 
1/22/2020,$221.32 ,12212810,$222.31 ,$222.75 ,$221.28 
1/21/2020,$221.44 ,14275780,$222.16 ,$222.37 ,$219.12 
1/17/2020,$222.14 ,15905940,$222.03 ,$222.29 ,$220.53 
1/16/2020,$221.77 ,10015290,$222.57 ,$222.63 ,$220.39 
1/15/2020,$221.15 ,10036480,$220.61 ,$221.68 ,$220.14 
1/14/2020,$219.06 ,13315360,$221.61 ,$222.38 ,$218.63 
1/13/2020,$221.91 ,14494520,$219.60 ,$221.97 ,$219.21 
1/10/2020,$218.06 ,12127430,$219.20 ,$219.88 ,$217.42 
1/9/2020,$218.30 ,12679580,$217.54 ,$218.38 ,$216.28 
1/8/2020,$215.22 ,13492700,$213 ,$216.24 ,$212.61 
1/7/2020,$213.06 ,15111860,$212.82 ,$214.58 ,$211.75 
1/6/2020,$212.60 ,17073860,$206.70 ,$212.78 ,$206.52 
1/3/2020,$208.67 ,11197420,$207.21 ,$210.40 ,$206.95 
1/2/2020,$209.78 ,12090710,$206.75 ,$209.79 ,$206.27 
12/31/2019,$205.25 ,8962756,$204.00 ,$205.56 ,$203.60 
12/30/2019,$204.41 ,10534440,$207.86 ,$207.90 ,$203.90 
12/27/2019,$208.10 ,10287630,$208.67 ,$208.93 ,$206.59 
12/26/2019,$207.79 ,9368273,$205.57 ,$207.82 ,$205.31 
12/24/2019,$205.12 ,6046273,$206.30 ,$206.79 ,$205 
12/23/2019,$206.18 ,13353190,$206.70 ,$208.59 ,$205.68 
12/20/2019,$206.30 ,27315230,$207.48 ,$207.71 ,$203.43 
12/19/2019,$206.06 ,16808180,$202.78 ,$206.30 ,$202.51 
12/18/2019,$202.50 ,23284750,$200.09 ,$204.30 ,$200.09 
12/17/2019,$198.39 ,10177610,$198.84 ,$199 ,$196.13 
12/16/2019,$197.92 ,14922730,$195.27 ,$199.12 ,$194.81 
12/13/2019,$194.11 ,18806020,$196.40 ,$196.80 ,$193.17 
12/12/2019,$196.75 ,23766990,$202.35 ,$203.66 ,$194.10 
12/11/2019,$202.26 ,8041827,$200.28 ,$202.63 ,$200.28 
12/10/2019,$200.87 ,9485568,$201.66 ,$202.05 ,$200.15 
12/9/2019,$201.34 ,12013220,$200.65 ,$203.14 ,$200.21 
12/6/2019,$201.05 ,12279530,$200.50 ,$201.57 ,$200.06 
12/5/2019,$199.36 ,9755350,$199.86 ,$201.29 ,$198.21 
12/4/2019,$198.71 ,8459939,$200 ,$200.03 ,$198.05 
12/3/2019,$198.82 ,13014170,$197.60 ,$198.93 ,$195.08 
12/2/2019,$199.70 ,11542020,$202.13 ,$202.18 ,$198.05 
11/29/2019,$201.64 ,7985231,$201.60 ,$203.80 ,$201.21 
11/27/2019,$202 ,12760570,$199.90 ,$203.14 ,$199.42 
11/26/2019,$198.97 ,11748660,$200 ,$200.15 ,$198.04 
11/25/2019,$199.79 ,15286440,$199.52 ,$200.97 ,$199.25 
11/22/2019,$198.82 ,9959817,$198.38 ,$199.30 ,$197.62 
11/21/2019,$197.93 ,12130990,$197.42 ,$199.09 ,$196.86 
11/20/2019,$197.51 ,12370240,$198.58 ,$199.59 ,$195.43 
11/19/2019,$199.32 ,19070290,$197.40 ,$200 ,$196.86 
11/18/2019,$197.40 ,16176110,$194.56 ,$198.63 ,$193.05 
11/15/2019,$195.10 ,11530230,$194.26 ,$195.30 ,$193.38 
11/14/2019,$193.15 ,9059897,$192.93 ,$194.03 ,$191.45 
11/13/2019,$193.19 ,11009800,$194.70 ,$195.70 ,$192.74 
11/12/2019,$194.47 ,17615450,$190 ,$195.06 ,$189.74 
11/11/2019,$189.61 ,8637768,$189.93 ,$190.08 ,$188.54 
11/8/2019,$190.84 ,10764780,$190 ,$192.34 ,$189.70 
11/7/2019,$190.42 ,13473000,$191.91 ,$193.44 ,$189.47 
11/6/2019,$191.55 ,10973020,$194.03 ,$194.37 ,$191.35 
11/5/2019,$194.32 ,9941954,$195.37 ,$195.75 ,$193.60 
11/4/2019,$194.72 ,16371290,$194.55 ,$197.37 ,$193.81 
11/1/2019,$193.62 ,21711830,$192.85 ,$194.11 ,$189.91 
10/31/2019,$191.65 ,42286530,$196.70 ,$198.09 ,$188.25 
10/30/2019,$188.25 ,28734560,$189.56 ,$190.45 ,$185.98 
10/29/2019,$189.31 ,13574870,$191.69 ,$192.53 ,$188.47 
10/28/2019,$189.40 ,13657870,$187.20 ,$189.53 ,$185.08 
10/25/2019,$187.89 ,8061240,$185.83 ,$189 ,$185.09 
10/24/2019,$186.38 ,11505410,$184.62 ,$186.73 ,$182.80 
10/23/2019,$186.15 ,12370820,$182.01 ,$186.38 ,$182 
10/22/2019,$182.34 ,19854190,$190 ,$190.65 ,$181.50 
10/21/2019,$189.76 ,8580744,$187.04 ,$189.91 ,$186.75 
10/18/2019,$185.85 ,16882860,$190.23 ,$191.49 ,$183.92 
10/17/2019,$190.39 ,9761548,$190.30 ,$190.84 ,$188.77 
10/16/2019,$189.55 ,10560340,$188.32 ,$189.70 ,$186.90 
10/15/2019,$188.89 ,15143120,$183.80 ,$190.38 ,$183.66 
10/14/2019,$183.28 ,7203665,$184.20 ,$184.62 ,$182.57 
10/11/2019,$184.19 ,14998750,$182.15 ,$186.49 ,$182.14 
10/10/2019,$180.03 ,8980978,$180.32 ,$181.61 ,$179.17 
10/9/2019,$179.85 ,7648874,$179.16 ,$180.72 ,$177.94 
10/8/2019,$177.75 ,10084900,$178.26 ,$180.37 ,$177.72 
10/7/2019,$179.68 ,9359793,$180 ,$181.18 ,$178.09 
10/4/2019,$180.45 ,10476400,$179.55 ,$180.98 ,$178.10 
10/3/2019,$179.38 ,16789320,$175.57 ,$179.84 ,$173.63 
10/2/2019,$174.60 ,16374150,$174.84 ,$176.53 ,$173.09 
10/1/2019,$175.81 ,17261560,$179.15 ,$179.84 ,$174.88 
9/30/2019,$178.08 ,11071430,$177.87 ,$178.67 ,$176.85 
9/27/2019,$177.10 ,14663580,$180.49 ,$180.76 ,$175.66 
9/26/2019,$180.11 ,16280690,$181.33 ,$181.40 ,$177.67 
9/25/2019,$182.80 ,18339960,$181.45 ,$183.42 ,$177.87 
9/24/2019,$181.28 ,18775670,$187.98 ,$188.04 ,$180.39 
9/23/2019,$186.82 ,14370090,$189.34 ,$190.10 ,$185.21 
9/20/2019,$189.93 ,20359880,$190.66 ,$193.10 ,$188.12 
9/19/2019,$190.14 ,10474690,$188.66 ,$191.10 ,$188.15 
9/18/2019,$188.14 ,9945798,$188.09 ,$189.08 ,$186.01 
9/17/2019,$188.08 ,9751570,$186.66 ,$188.32 ,$185.54 
9/16/2019,$186.22 ,8444844,$186.93 ,$187.79 ,$185.77 
9/13/2019,$187.19 ,11441120,$187.33 ,$187.97 ,$186.54 
9/12/2019,$187.47 ,11419780,$189.86 ,$190.93 ,$187.23 
9/11/2019,$188.49 ,11761660,$186.46 ,$189.44 ,$186.08 
9/10/2019,$186.17 ,15455870,$187.44 ,$188.10 ,$184.55 
9/9/2019,$188.76 ,14722400,$187.73 ,$188.98 ,$185.85 
9/6/2019,$187.49 ,15226820,$190.21 ,$190.21 ,$186.35 
9/5/2019,$190.90 ,13896620,$188.53 ,$191.36 ,$187.94 
9/4/2019,$187.14 ,11314570,$184.65 ,$187.75 ,$183.89 
9/3/2019,$182.39 ,9792187,$184 ,$185.67 ,$182.11 
8/30/2019,$185.67 ,10785720,$186.78 ,$186.80 ,$183.46 
8/29/2019,$185.57 ,10135030,$183.77 ,$186.08 ,$183.47 
8/28/2019,$181.76 ,9392060,$180.53 ,$181.95 ,$178.92 
8/27/2019,$181.30 ,14408950,$181.93 ,$184.04 ,$181.01 
8/26/2019,$180.36 ,8780477,$179.40 ,$180.50 ,$178.24 
8/23/2019,$177.75 ,17331220,$180.84 ,$183.13 ,$176.66 
8/22/2019,$182.04 ,10829510,$183.43 ,$184.11 ,$179.91 
8/21/2019,$183.55 ,8409548,$185 ,$185.90 ,$183.14 
8/20/2019,$183.81 ,10087590,$185.45 ,$186 ,$182.39 
8/19/2019,$186.17 ,9699661,$186.01 ,$187.50 ,$184.85 
8/16/2019,$183.70 ,12844830,$183.75 ,$185.10 ,$182.36 
8/15/2019,$182.59 ,13059640,$180.95 ,$183.20 ,$180.03 
8/14/2019,$179.71 ,18903720,$185.80 ,$185.99 ,$179.31 
8/13/2019,$188.45 ,13653320,$185.52 ,$191.38 ,$185.37 
8/12/2019,$185.37 ,10936280,$186.85 ,$187.59 ,$184.46 
8/9/2019,$187.85 ,11058810,$190 ,$190.98 ,$187.12 
8/8/2019,$190.16 ,14828920,$186.62 ,$190.34 ,$184.05 
8/7/2019,$185.15 ,15833200,$183.60 ,$186.37 ,$181.22 
8/6/2019,$184.51 ,18035690,$183.69 ,$185.79 ,$183.09 
8/5/2019,$181.73 ,23086660,$184.69 ,$185.67 ,$179.34 
8/2/2019,$189.02 ,15296980,$191.10 ,$192.62 ,$188.07 
8/1/2019,$192.73 ,17777010,$194.17 ,$198.47 ,$190.88 
7/31/2019,$194.23 ,14593540,$196.95 ,$198.76 ,$192.68 
7/30/2019,$197.04 ,11903560,$195.39 ,$198.71 ,$193.50 
7/29/2019,$195.94 ,16530800,$199 ,$199.63 ,$195.30 
7/26/2019,$199.75 ,24433990,$200.19 ,$202.88 ,$196.25 
7/25/2019,$200.71 ,39889870,$206.70 ,$208.66 ,$198.26 
7/24/2019,$204.66 ,32532540,$197.63 ,$204.81 ,$197.22 
7/23/2019,$202.36 ,14583680,$202.84 ,$204.24 ,$200.96 
7/22/2019,$202.32 ,13589020,$199.91 ,$202.57 ,$198.81 
7/19/2019,$198.36 ,12098260,$202.18 ,$202.33 ,$198.07 
7/18/2019,$200.78 ,11956550,$200.15 ,$202.47 ,$199.38 
7/17/2019,$201.80 ,12083710,$204.18 ,$204.36 ,$201.59 
7/16/2019,$203.84 ,12132720,$203.89 ,$205.47 ,$203.10 
7/15/2019,$203.91 ,16030340,$204.25 ,$205.33 ,$201.82 
7/12/2019,$204.87 ,15366270,$199.68 ,$205.30 ,$199.16 
7/11/2019,$201.23 ,13678460,$203.26 ,$203.80 ,$200.21 
7/10/2019,$202.73 ,20571700,$200 ,$202.96 ,$199.67 
7/9/2019,$199.21 ,14698610,$194.97 ,$199.46 ,$194.89 
7/8/2019,$195.76 ,9723858,$195.19 ,$196.68 ,$193.64 
7/5/2019,$196.40 ,11164110,$196.18 ,$197.07 ,$194.17 
7/3/2019,$197.20 ,10246120,$194.16 ,$197.40 ,$194.16 
7/2/2019,$195 ,9049979,$193 ,$195 ,$192.71 
7/1/2019,$193 ,14204690,$195.21 ,$195.28 ,$191.93 
6/28/2019,$193 ,16378880,$190.55 ,$193.20 ,$189.94 
6/27/2019,$189.50 ,11158980,$189.88 ,$189.95 ,$188.27 
6/26/2019,$187.66 ,12808600,$189.54 ,$190.76 ,$187.31 
6/25/2019,$188.84 ,16750310,$192.88 ,$193.14 ,$188.13 
6/24/2019,$192.60 ,15508960,$192.42 ,$193.98 ,$191.57 
6/21/2019,$191.14 ,22751160,$188.75 ,$192 ,$188.75 
6/20/2019,$189.53 ,14635740,$190.95 ,$191.16 ,$187.64 
6/19/2019,$187.48 ,21417090,$187 ,$188.10 ,$184.55 
6/18/2019,$188.47 ,37571350,$194 ,$194.53 ,$187.28 
6/17/2019,$189.01 ,29459880,$185.01 ,$189.50 ,$184.41 
6/14/2019,$181.33 ,16773690,$180.51 ,$181.84 ,$180 
6/13/2019,$177.47 ,12253570,$175.53 ,$178.03 ,$174.61 
6/12/2019,$175.04 ,17699810,$178.38 ,$179.27 ,$172.88 
6/11/2019,$178.10 ,15266640,$178.48 ,$179.98 ,$176.79 
6/10/2019,$174.82 ,14767920,$174.75 ,$177.86 ,$173.80 
6/7/2019,$173.35 ,16917340,$170.17 ,$173.87 ,$168.84 
6/6/2019,$168.33 ,12446350,$168.30 ,$169.70 ,$167.23 
6/5/2019,$168.17 ,19758320,$167.48 ,$168.72 ,$164.63 
6/4/2019,$167.50 ,46044260,$163.71 ,$168.28 ,$160.84 
6/3/2019,$164.15 ,56059610,$175 ,$175.05 ,$161.01 
5/31/2019,$177.47 ,15226540,$180.28 ,$180.54 ,$177.16 
5/30/2019,$183.01 ,8581544,$183.08 ,$183.48 ,$180.89 
5/29/2019,$182.19 ,12797690,$183.50 ,$184.56 ,$181.35 
5/28/2019,$184.31 ,14843310,$181.54 ,$184.71 ,$181.45 
5/24/2019,$181.06 ,8807701,$182.33 ,$183.63 ,$180.83 
5/23/2019,$180.87 ,12768840,$182.42 ,$183.90 ,$179.67 
5/22/2019,$185.32 ,9213801,$184.73 ,$186.74 ,$183.61 
5/21/2019,$184.82 ,7502820,$184.57 ,$185.70 ,$183.89 
5/20/2019,$182.72 ,10351980,$181.88 ,$184.23 ,$181.37 
5/17/2019,$185.30 ,10485370,$184.84 ,$187.58 ,$184.28 
5/16/2019,$186.99 ,12953110,$185.05 ,$188.58 ,$185.05 
5/15/2019,$186.27 ,16746900,$180.42 ,$187.28 ,$180.02 
5/14/2019,$180.73 ,17628140,$182.52 ,$183.49 ,$178.10 
5/13/2019,$181.54 ,16833350,$183.50 ,$185.43 ,$180.84 
5/10/2019,$188.34 ,12578510,$188.25 ,$190 ,$184.59 
5/9/2019,$188.65 ,12967030,$187.20 ,$189.77 ,$186.26 
5/8/2019,$189.54 ,12505740,$189.39 ,$190.72 ,$188.55 
5/7/2019,$189.77 ,16253000,$192.54 ,$192.90 ,$187.85 
5/6/2019,$193.88 ,13994930,$191.24 ,$194.28 ,$190.55 
5/3/2019,$195.47 ,14575430,$194.38 ,$196.16 ,$193.71 
5/2/2019,$192.53 ,13209450,$193 ,$194 ,$189.75 
5/1/2019,$193.03 ,15996650,$194.78 ,$196.18 ,$193.01 
4/30/2019,$193.40 ,23309400,$194.19 ,$197.39 ,$192.28 
4/29/2019,$194.78 ,19538750,$190.95 ,$195.41 ,$190.65 
4/26/2019,$191.49 ,21947170,$192.50 ,$192.90 ,$189.09 
4/25/2019,$193.26 ,54088650,$196.98 ,$198.48 ,$192.12 
4/24/2019,$182.58 ,34957090,$184.49 ,$185.14 ,$181.65 
4/23/2019,$183.78 ,19631900,$182.74 ,$184.22 ,$181.48 
4/22/2019,$181.44 ,13348950,$178.25 ,$181.67 ,$178.25 
4/18/2019,$178.28 ,11639990,$178.80 ,$178.88 ,$177.34 
4/17/2019,$178.78 ,9520718,$179.60 ,$180.74 ,$178.36 
4/16/2019,$178.87 ,11185690,$179 ,$180.17 ,$178.30 
4/15/2019,$179.65 ,10827980,$178.50 ,$180.50 ,$176.87 
4/12/2019,$179.10 ,12321770,$178 ,$179.63 ,$177.95 
4/11/2019,$177.51 ,8048582,$178.24 ,$178.40 ,$177 
4/10/2019,$177.82 ,11684940,$178.18 ,$178.79 ,$176.54 
4/9/2019,$177.58 ,19599420,$175.62 ,$179.19 ,$175.55 
4/8/2019,$174.93 ,7287902,$175.21 ,$175.50 ,$174.23 
4/5/2019,$175.72 ,9499559,$176.88 ,$177 ,$175.10 
4/4/2019,$176.02 ,17768670,$176.02 ,$178 ,$175.53 
4/3/2019,$173.54 ,27380570,$174.50 ,$177.96 ,$172.95 
4/2/2019,$174.20 ,23926430,$170.14 ,$174.90 ,$169.55 
4/1/2019,$168.70 ,10122200,$167.83 ,$168.90 ,$167.28 
3/29/2019,$166.69 ,13450640,$166.39 ,$167.19 ,$164.81 
3/28/2019,$165.55 ,10457910,$164.57 ,$166.72 ,$163.33 
3/27/2019,$165.87 ,10603100,$167.85 ,$168.94 ,$164.79 
3/26/2019,$167.68 ,15274610,$167.35 ,$169.45 ,$166.35 
3/25/2019,$166.29 ,12306150,$163 ,$166.54 ,$162 
3/22/2019,$164.34 ,16375210,$165.65 ,$167.42 ,$164.09 
3/21/2019,$166.08 ,16049850,$164.89 ,$166.39 ,$163.75 
3/20/2019,$165.44 ,19934930,$161.50 ,$166.12 ,$161.24 
3/19/2019,$161.57 ,24608800,$161.48 ,$163.82 ,$160.82 
3/18/2019,$160.47 ,35094650,$163.57 ,$163.90 ,$159.28 
3/15/2019,$165.98 ,37088870,$167.16 ,$167.58 ,$162.51 
3/14/2019,$170.17 ,17882100,$169.76 ,$171.15 ,$168.16 
3/13/2019,$173.37 ,11514940,$172.32 ,$174.03 ,$172.12 
3/12/2019,$171.92 ,12136730,$172.09 ,$173.80 ,$171.22 
3/11/2019,$172.07 ,18534610,$171.60 ,$174.30 ,$171.58 
3/8/2019,$169.60 ,12737410,$166.20 ,$169.62 ,$165.97 
3/7/2019,$169.13 ,18200280,$171.50 ,$171.74 ,$167.61 
3/6/2019,$172.51 ,20775850,$172.90 ,$173.57 ,$171.27 
3/5/2019,$171.26 ,26581790,$167.37 ,$171.88 ,$166.55 
3/4/2019,$167.37 ,18864670,$163.90 ,$167.50 ,$163.83 
3/1/2019,$162.28 ,11022100,$162.60 ,$163.13 ,$161.69 
2/28/2019,$161.45 ,11083060,$162.37 ,$163.50 ,$160.86 
2/27/2019,$162.81 ,12685830,$162.90 ,$163.93 ,$160.41 
2/26/2019,$164.13 ,13630540,$164.34 ,$166.24 ,$163.80 
2/25/2019,$164.62 ,17615000,$163.07 ,$166.07 ,$162.90 
2/22/2019,$161.89 ,15845990,$160.58 ,$162.41 ,$160.31 
2/21/2019,$160.04 ,15455630,$161.93 ,$162.24 ,$159.59 
2/20/2019,$162.56 ,11758420,$162.25 ,$163.72 ,$161.25 
2/19/2019,$162.29 ,14320590,$160.50 ,$164.15 ,$160.33 
2/15/2019,$162.50 ,15485430,$164.51 ,$164.70 ,$160.86 
2/14/2019,$163.95 ,12696560,$163.19 ,$164.87 ,$162.25 
2/13/2019,$164.07 ,14168500,$165.38 ,$166.22 ,$163.73 
2/12/2019,$165.04 ,16241390,$166.86 ,$168.34 ,$164.50 
2/11/2019,$165.79 ,12694750,$167.90 ,$168.30 ,$165.08 
2/8/2019,$167.33 ,12485700,$164.47 ,$167.37 ,$164.21 
2/7/2019,$166.38 ,17206800,$168.20 ,$169.24 ,$165.25 
2/6/2019,$170.49 ,13254460,$171.20 ,$172.47 ,$169.27 
2/5/2019,$171.16 ,21723960,$169.15 ,$171.98 ,$168.69 
2/4/2019,$169.25 ,19980980,$165.70 ,$169.30 ,$163.62 
2/1/2019,$165.71 ,30742790,$165.84 ,$169.10 ,$165.66 
1/31/2019,$166.69 ,77005780,$165.60 ,$171.68 ,$165 
1/30/2019,$150.42 ,41676170,$146.22 ,$150.95 ,$145.70 
1/29/2019,$144.19 ,17451800,$148.09 ,$148.10 ,$143.43 
1/28/2019,$147.47 ,15242960,$148.05 ,$148.96 ,$146.21 
1/25/2019,$149.01 ,22227160,$147.48 ,$149.83 ,$146.54 
1/24/2019,$145.83 ,20932280,$144.64 ,$146.44 ,$142.52 
1/23/2019,$144.30 ,20060100,$148.28 ,$148.80 ,$143.06 
1/22/2019,$147.57 ,22310570,$149.20 ,$151.53 ,$146.37 
1/18/2019,$150.04 ,30631520,$149.75 ,$152.43 ,$148.55 
1/17/2019,$148.30 ,15480790,$146.95 ,$149 ,$146.50 
1/16/2019,$147.54 ,17977150,$149 ,$149.65 ,$147.00 
1/15/2019,$148.95 ,24036820,$146.01 ,$150.68 ,$145.99 
1/14/2019,$145.39 ,19864680,$142 ,$146.57 ,$141.27 
1/11/2019,$143.80 ,12780600,$143.15 ,$145.36 ,$142.57 
1/10/2019,$144.20 ,16057330,$143.08 ,$144.56 ,$140.84 
1/9/2019,$144.23 ,22131500,$142.95 ,$144.70 ,$141.27 
1/8/2019,$142.53 ,26191030,$139.89 ,$143.14 ,$139.54 
1/7/2019,$138.05 ,19988840,$137.56 ,$138.87 ,$135.91 
1/4/2019,$137.95 ,27973370,$134.01 ,$138 ,$133.75 
1/3/2019,$131.74 ,22448730,$134.69 ,$137.17 ,$131.12 
1/2/2019,$135.68 ,27967450,$128.99 ,$137.51 ,$128.56 
12/31/2018,$131.09 ,24552820,$134.45 ,$134.64 ,$129.95 
12/28/2018,$133.20 ,22351260,$135.34 ,$135.92 ,$132.20 
12/27/2018,$134.52 ,30305940,$132.44 ,$134.99 ,$129.67 
12/26/2018,$134.18 ,39526860,$126 ,$134.24 ,$125.89 
12/24/2018,$124.06 ,22066000,$123.10 ,$129.74 ,$123.02 
12/21/2018,$124.95 ,56624760,$133.39 ,$134.90 ,$123.42 
12/20/2018,$133.40 ,40202130,$130.70 ,$135.57 ,$130 
12/19/2018,$133.24 ,57110060,$141.21 ,$144.91 ,$132.50 
12/18/2018,$143.66 ,23678090,$141.08 ,$145.93 ,$139.83 
12/17/2018,$140.19 ,23838160,$143.08 ,$144.92 ,$138.42 
12/14/2018,$144.06 ,21773500,$143.34 ,$146.01 ,$142.51 
12/13/2018,$145.01 ,18090420,$145.57 ,$145.85 ,$143.19 
12/12/2018,$144.50 ,23349970,$143.08 ,$147.19 ,$142.51 
12/11/2018,$142.08 ,19429850,$143.88 ,$143.88 ,$141.10 
12/10/2018,$141.85 ,26315700,$139.60 ,$143.05 ,$139.01 
12/7/2018,$137.42 ,20583170,$139.25 ,$140.87 ,$136.66 
12/6/2018,$139.63 ,27625310,$133.82 ,$139.70 ,$133.67 
12/4/2018,$137.93 ,30227750,$140.73 ,$143.39 ,$137.16 
12/3/2018,$141.09 ,24697080,$143 ,$143.68 ,$140.76 
11/30/2018,$140.61 ,25716150,$138.26 ,$140.97 ,$137.36 
11/29/2018,$138.68 ,23935390,$135.92 ,$139.99 ,$135.66 
11/28/2018,$136.76 ,28701670,$136.28 ,$136.79 ,$131.85 
11/27/2018,$135 ,20477390,$135.75 ,$136.61 ,$133.71 
11/26/2018,$136.38 ,23459920,$133 ,$137 ,$132.78 
11/23/2018,$131.73 ,11886130,$133.65 ,$134.50 ,$131.26 
11/21/2018,$134.82 ,25365750,$134.40 ,$137.19 ,$134.13 
11/20/2018,$132.43 ,41888940,$127.03 ,$134.16 ,$126.85 
11/19/2018,$131.55 ,44051860,$137.61 ,$137.75 ,$131.21 
11/16/2018,$139.53 ,37139590,$141.07 ,$141.77 ,$137.77 
11/15/2018,$143.85 ,29803280,$142.33 ,$144.84 ,$140.83 
11/14/2018,$144.22 ,22019830,$143.70 ,$145.58 ,$141.55 
11/13/2018,$142.16 ,15062230,$142 ,$144.88 ,$141.62 
11/12/2018,$141.55 ,18387680,$144.48 ,$145.04 ,$140.49 
11/9/2018,$144.96 ,17305480,$146.75 ,$147.76 ,$144.07 
11/8/2018,$147.87 ,24061590,$150.49 ,$150.94 ,$146.74 
11/7/2018,$151.53 ,21740210,$151.57 ,$153.01 ,$149.83 
11/6/2018,$149.94 ,16302120,$149.31 ,$150.97 ,$148 
11/5/2018,$148.68 ,15894150,$150.10 ,$150.19 ,$147.44 
11/2/2018,$150.35 ,24479290,$151.80 ,$154.13 ,$148.96 
11/1/2018,$151.75 ,25435380,$151.52 ,$152.75 ,$149.35 
10/31/2018,$151.79 ,59983970,$155 ,$156.40 ,$148.96 
10/30/2018,$146.22 ,45351650,$139.94 ,$146.64 ,$139.74 
10/29/2018,$142.09 ,31270990,$148.50 ,$148.83 ,$139.03 
10/26/2018,$145.37 ,31235150,$145.82 ,$149 ,$143.80 
10/25/2018,$150.95 ,22000170,$147.73 ,$152.21 ,$147 
10/24/2018,$146.04 ,27574300,$154.28 ,$154.65 ,$145.60 
10/23/2018,$154.39 ,19066360,$151.22 ,$154.77 ,$150.85 
10/22/2018,$154.78 ,15381630,$154.76 ,$157.34 ,$154.46 
10/19/2018,$154.05 ,19636460,$155.86 ,$157.35 ,$153.55 
10/18/2018,$154.92 ,21123820,$158.51 ,$158.66 ,$153.28 
10/17/2018,$159.42 ,17307030,$159.56 ,$160.49 ,$157.95 
10/16/2018,$158.78 ,18711620,$155.40 ,$159.46 ,$155.01 
10/15/2018,$153.52 ,15194060,$153.32 ,$155.57 ,$152.55 
10/12/2018,$153.74 ,25209770,$156.73 ,$156.89 ,$151.30 
10/11/2018,$153.35 ,35225150,$150.13 ,$154.81 ,$149.16 
10/10/2018,$151.38 ,30143210,$156.82 ,$157.69 ,$151.31 
10/9/2018,$157.90 ,18494270,$157.69 ,$160.59 ,$157.42 
10/8/2018,$157.25 ,23825100,$155.54 ,$158.34 ,$154.39 
10/5/2018,$157.33 ,25727470,$159.21 ,$160.90 ,$156.20 
10/4/2018,$158.85 ,25707300,$161.46 ,$161.46 ,$157.35 
10/3/2018,$162.43 ,23086120,$160 ,$163.66 ,$159.53 
10/2/2018,$159.33 ,35303190,$161.58 ,$162.28 ,$158.67 
10/1/2018,$162.44 ,26260420,$163.03 ,$165.88 ,$161.26 
9/28/2018,$164.46 ,33786480,$168.33 ,$168.79 ,$162.56 
9/27/2018,$168.84 ,27192570,$167.55 ,$171.77 ,$167.21 
9/26/2018,$166.95 ,24271500,$164.30 ,$169.30 ,$164.21 
9/25/2018,$164.91 ,27430470,$161.99 ,$165.59 ,$161.15 
9/24/2018,$165.41 ,18907320,$161.03 ,$165.70 ,$160.88 
9/21/2018,$162.93 ,45847680,$166.64 ,$167.25 ,$162.81 
9/20/2018,$166.02 ,18812060,$164.50 ,$166.45 ,$164.47 
9/19/2018,$163.06 ,19568020,$160.08 ,$163.44 ,$159.48 
9/18/2018,$160.30 ,22331470,$159.39 ,$161.76 ,$158.87 
9/17/2018,$160.58 ,20951950,$161.92 ,$162.06 ,$159.77 
9/14/2018,$162.32 ,21682850,$161.72 ,$162.84 ,$160.34 
9/13/2018,$161.36 ,25376900,$162 ,$163.32 ,$160.86 
9/12/2018,$162 ,24033850,$163.25 ,$164.49 ,$161.80 
9/11/2018,$165.94 ,20285090,$163.94 ,$167.19 ,$163.72 
9/10/2018,$164.18 ,19896190,$163.51 ,$165.01 ,$162.16 
9/7/2018,$163.04 ,24151910,$160.31 ,$164.63 ,$160.16 
9/6/2018,$162.53 ,41418330,$166.98 ,$166.98 ,$160 
9/5/2018,$167.18 ,31191210,$169.49 ,$171.13 ,$166.67 
9/4/2018,$171.16 ,29460630,$173.50 ,$173.89 ,$168.80 
8/31/2018,$175.73 ,18025110,$177.15 ,$177.62 ,$174.98 
8/30/2018,$177.64 ,24105390,$175.90 ,$179.79 ,$175.70 
8/29/2018,$175.90 ,18357780,$176.30 ,$176.79 ,$174.75 
8/28/2018,$176.26 ,15720690,$178.10 ,$178.24 ,$175.83 
8/27/2018,$177.46 ,17853600,$175.99 ,$178.67 ,$175.79 
8/24/2018,$174.65 ,14519920,$173.70 ,$174.82 ,$172.92 
8/23/2018,$172.90 ,17945260,$173.09 ,$175.55 ,$172.83 
8/22/2018,$173.64 ,16760320,$172.21 ,$174.24 ,$172.13 
8/21/2018,$172.62 ,19475690,$172.81 ,$174.17 ,$171.39 
8/20/2018,$172.50 ,21449120,$174.04 ,$174.57 ,$170.91 
8/17/2018,$173.80 ,24819470,$174.50 ,$176.22 ,$172.04 
8/16/2018,$174.70 ,31161240,$180.42 ,$180.50 ,$174.01 
8/15/2018,$179.53 ,32658240,$179.34 ,$180.87 ,$174.78 
8/14/2018,$181.11 ,18961200,$180.71 ,$181.99 ,$178.62 
8/13/2018,$180.05 ,17349150,$180.10 ,$182.61 ,$178.90 
8/10/2018,$180.26 ,21467940,$182.04 ,$182.10 ,$179.42 
8/9/2018,$183.09 ,19652850,$185.85 ,$186.57 ,$182.48 
8/8/2018,$185.18 ,22178460,$184.75 ,$186.85 ,$183.76 
8/7/2018,$183.81 ,33127670,$186.50 ,$188.30 ,$183.72 
8/6/2018,$185.69 ,49600350,$178.97 ,$185.79 ,$178.38 
8/3/2018,$177.78 ,24730780,$177.69 ,$178.85 ,$176.15 
8/2/2018,$176.37 ,32235750,$170.68 ,$176.79 ,$170.27 
8/1/2018,$171.65 ,33979910,$173.93 ,$175.08 ,$170.90 
7/31/2018,$172.58 ,40213830,$170.67 ,$174.24 ,$170 
7/30/2018,$171.06 ,65129810,$175.30 ,$175.30 ,$166.56 
7/27/2018,$174.89 ,59700640,$179.87 ,$179.93 ,$173 
7/26/2018,$176.26 ,169059900,$174.89 ,$180.13 ,$173.75 
7/25/2018,$217.50 ,45279590,$215.72 ,$218.62 ,$214.27 
7/24/2018,$214.67 ,28318380,$215.11 ,$216.20 ,$212.60 
7/23/2018,$210.91 ,15933870,$210.58 ,$211.62 ,$208.80 
7/20/2018,$209.94 ,16152700,$208.85 ,$211.50 ,$208.50 
7/19/2018,$208.09 ,11186170,$208.77 ,$209.99 ,$207.76 
7/18/2018,$209.36 ,15322340,$209.82 ,$210.99 ,$208.44 
7/17/2018,$209.99 ,15239470,$204.90 ,$210.46 ,$204.84 
7/16/2018,$207.23 ,10866950,$207.50 ,$208.72 ,$206.84 
7/13/2018,$207.32 ,11421420,$207.81 ,$208.43 ,$206.45 
7/12/2018,$206.92 ,15439760,$203.43 ,$207.08 ,$203.19 
7/11/2018,$202.54 ,12729340,$202.22 ,$204.50 ,$201.75 
7/10/2018,$203.54 ,12868530,$204.50 ,$204.91 ,$202.26 
7/9/2018,$204.74 ,18133700,$204.93 ,$205.80 ,$202.12 
7/6/2018,$203.23 ,19687900,$198.45 ,$203.64 ,$197.70 
7/5/2018,$198.45 ,19582000,$194.74 ,$198.65 ,$194.03 
7/3/2018,$192.73 ,13489510,$194.55 ,$195.40 ,$192.52 
7/2/2018,$197.36 ,13735130,$193.37 ,$197.45 ,$192.22 
6/29/2018,$194.32 ,15516540,$197.32 ,$197.60 ,$193.96 
6/28/2018,$196.23 ,18153600,$195.18 ,$197.34 ,$193.26 
6/27/2018,$195.84 ,18697530,$199.18 ,$200.75 ,$195.80 
6/26/2018,$199 ,17869610,$197.60 ,$199.10 ,$196.23 
6/25/2018,$196.35 ,25170720,$200 ,$200 ,$193.11 
6/22/2018,$201.74 ,17050440,$201.16 ,$202.24 ,$199.31 
6/21/2018,$201.50 ,18906350,$202.76 ,$203.39 ,$200.09 
6/20/2018,$202 ,28175590,$199.10 ,$203.55 ,$198.81 
6/19/2018,$197.49 ,19968690,$196.24 ,$197.96 ,$193.79 
6/18/2018,$198.31 ,16470990,$194.80 ,$199.58 ,$194.13 
6/15/2018,$195.85 ,21833150,$195.79 ,$197.07 ,$194.64 
6/14/2018,$196.81 ,19096760,$193.10 ,$197.28 ,$192.91 
6/13/2018,$192.41 ,15121450,$192.74 ,$194.50 ,$191.91 
6/12/2018,$192.40 ,11217070,$192.17 ,$193.28 ,$191.56 
6/11/2018,$191.54 ,12885730,$188.81 ,$192.60 ,$188.80 
6/8/2018,$189.10 ,12503130,$187.53 ,$189.48 ,$186.43 
6/7/2018,$188.18 ,21451790,$190.75 ,$190.97 ,$186.77 
6/6/2018,$191.34 ,22500160,$191.03 ,$192.53 ,$189.11 
6/5/2018,$192.94 ,15059480,$194.30 ,$195 ,$192.62 
6/4/2018,$193.28 ,18881330,$191.84 ,$193.98 ,$191.47 
6/1/2018,$193.99 ,17278520,$193.07 ,$194.55 ,$192.07 
5/31/2018,$191.78 ,30727790,$187.87 ,$192.72 ,$187.48 
5/30/2018,$187.67 ,13636820,$186.54 ,$188 ,$185.25 
5/29/2018,$185.74 ,16348650,$184.34 ,$186.81 ,$183.71 
5/25/2018,$184.92 ,10730560,$186.02 ,$186.33 ,$184.45 
5/24/2018,$185.93 ,11628050,$185.88 ,$186.80 ,$185.03 
5/23/2018,$186.90 ,16594310,$182.50 ,$186.91 ,$182.18 
5/22/2018,$183.80 ,12267860,$184.93 ,$185.42 ,$183.43 
5/21/2018,$184.49 ,13078810,$183.77 ,$185.30 ,$183.13 
5/18/2018,$182.68 ,13066220,$183.49 ,$184.19 ,$182.61 
5/17/2018,$183.76 ,14695830,$182.68 ,$184.06 ,$182.22 
5/16/2018,$183.20 ,16842080,$183.70 ,$184.32 ,$182.66 
5/15/2018,$184.32 ,15409930,$184.88 ,$185.29 ,$183.20 
5/14/2018,$186.64 ,15480030,$187.71 ,$187.86 ,$186.20 
5/11/2018,$186.99 ,21197800,$184.85 ,$188.32 ,$184.18 
5/10/2018,$185.53 ,20931530,$183.15 ,$186.13 ,$182.50 
5/9/2018,$182.66 ,23266280,$179.67 ,$183.01 ,$178.78 
5/8/2018,$178.92 ,15482580,$178.25 ,$179.04 ,$177.11 
5/7/2018,$177.97 ,18302910,$177.35 ,$179.50 ,$177.17 
5/4/2018,$176.61 ,17668270,$173.08 ,$176.98 ,$173.06 
5/3/2018,$174.02 ,23908500,$175.13 ,$176.12 ,$172.12 
5/2/2018,$176.07 ,29812020,$174.25 ,$178.08 ,$174.20 
5/1/2018,$173.86 ,26001150,$172 ,$174.02 ,$170.23 
4/30/2018,$172 ,20662060,$173.79 ,$175.72 ,$171.71 
4/27/2018,$173.59 ,29773640,$176.81 ,$177.10 ,$172.60 
4/26/2018,$174.16 ,77391810,$173.22 ,$176.27 ,$170.80 
4/25/2018,$159.69 ,38451590,$160.15 ,$161.06 ,$156.19 
4/24/2018,$159.69 ,34981150,$165.43 ,$166.10 ,$158.19 
4/23/2018,$165.84 ,22894510,$167.27 ,$168.45 ,$165.09 
4/20/2018,$166.28 ,18917050,$167.79 ,$168.43 ,$165.81 
4/19/2018,$168.10 ,21921120,$166.20 ,$168.33 ,$165.20 
4/18/2018,$166.36 ,20248580,$166.88 ,$168.12 ,$165.77 
4/17/2018,$168.66 ,21986820,$165.83 ,$169 ,$165.66 
4/16/2018,$164.83 ,17951530,$165.73 ,$165.78 ,$163.39 
4/13/2018,$164.52 ,19450140,$164.58 ,$165.70 ,$163.77 
4/12/2018,$163.87 ,38195140,$166.98 ,$167.45 ,$163.10 
4/11/2018,$166.32 ,56011860,$165.36 ,$168.65 ,$163.25 
4/10/2018,$165.04 ,58051080,$157.93 ,$165.98 ,$157.01 
4/9/2018,$157.93 ,34671420,$157.82 ,$160.53 ,$156.04 
4/6/2018,$157.20 ,41397190,$157.73 ,$161.42 ,$156.81 
4/5/2018,$159.34 ,41138460,$161.56 ,$161.58 ,$156.65 
4/4/2018,$155.10 ,49542320,$152.03 ,$155.56 ,$150.51 
4/3/2018,$156.11 ,42518400,$156.55 ,$157.39 ,$150.81 
4/2/2018,$155.39 ,36715460,$157.81 ,$159.20 ,$154.11 
3/29/2018,$159.79 ,59266330,$155.15 ,$161.42 ,$154.14 
3/28/2018,$153.03 ,59803800,$151.65 ,$155.88 ,$150.80 
3/27/2018,$152.22 ,77468330,$156.31 ,$162.85 ,$150.75 
3/26/2018,$160.06 ,125971800,$160.82 ,$161.10 ,$149.02 
3/23/2018,$159.39 ,53478870,$165.44 ,$167.10 ,$159.02 
3/22/2018,$164.89 ,73554350,$166.13 ,$170.27 ,$163.72 
3/21/2018,$169.39 ,106166700,$164.80 ,$173.40 ,$163.30 
3/20/2018,$168.15 ,129654100,$167.47 ,$170.20 ,$161.95 
3/19/2018,$172.56 ,87171850,$177.01 ,$177.17 ,$170.06 
3/16/2018,$185.09 ,23699600,$184.49 ,$185.33 ,$183.41 
3/15/2018,$183.86 ,15638830,$183.24 ,$184 ,$182.19 
3/14/2018,$184.19 ,16814350,$182.60 ,$184.25 ,$181.85 
3/13/2018,$181.88 ,17873720,$185.61 ,$185.99 ,$181.11 
3/12/2018,$184.76 ,15194040,$185.23 ,$186.10 ,$184.22 
3/9/2018,$185.23 ,18187880,$183.91 ,$185.51 ,$183.21 
3/8/2018,$182.34 ,16920570,$183.56 ,$184.40 ,$181.45 
3/7/2018,$183.71 ,19007100,$178.74 ,$183.82 ,$178.07 
3/6/2018,$179.78 ,14868900,$181.78 ,$182.38 ,$179.11 
3/5/2018,$180.40 ,16098150,$176.20 ,$181.15 ,$175.89 
3/2/2018,$176.62 ,19835420,$173.29 ,$177.11 ,$172.99 
3/1/2018,$175.94 ,23161610,$179.01 ,$180.12 ,$174.41 
2/28/2018,$178.32 ,18613520,$182.30 ,$182.88 ,$178.14 
2/27/2018,$181.46 ,15768550,$184.45 ,$184.70 ,$181.46 
2/26/2018,$184.93 ,17583030,$184.58 ,$185.66 ,$183.22 
2/23/2018,$183.29 ,18811750,$179.90 ,$183.39 ,$179.51 
2/22/2018,$178.99 ,17766680,$178.70 ,$180.21 ,$177.41 
2/21/2018,$177.91 ,23166300,$176.71 ,$181.27 ,$176.40 
2/20/2018,$176.01 ,21037920,$175.77 ,$177.95 ,$175.11 
2/16/2018,$177.36 ,20815180,$178.99 ,$179.88 ,$176.30 
2/15/2018,$179.96 ,20697440,$180.50 ,$180.50 ,$176.84 
2/14/2018,$179.52 ,28852470,$173.45 ,$179.81 ,$173.21 
2/13/2018,$173.15 ,21431580,$175.62 ,$175.97 ,$173.10 
2/12/2018,$176.41 ,32005590,$177.06 ,$177.55 ,$171.84 
2/9/2018,$176.11 ,39826840,$174.76 ,$176.90 ,$167.18 
2/8/2018,$171.58 ,38167570,$181.01 ,$181.84 ,$171.48 
2/7/2018,$180.18 ,27130700,$184.15 ,$185.08 ,$179.95 
2/6/2018,$185.31 ,37640430,$178.57 ,$185.77 ,$177.74 
2/5/2018,$181.26 ,32772080,$186.93 ,$190.61 ,$180.61 
2/2/2018,$190.28 ,25954720,$192.04 ,$194.21 ,$189.98 
2/1/2018,$193.09 ,53938680,$188.22 ,$195.32 ,$187.89 
1/31/2018,$186.89 ,36542750,$188.37 ,$189.83 ,$185.22 
1/30/2018,$187.12 ,20724760,$183.01 ,$188.18 ,$181.84 
1/29/2018,$185.98 ,20297330,$188.75 ,$188.84 ,$185.63 
1/26/2018,$190 ,17423300,$187.75 ,$190 ,$186.81 
1/25/2018,$187.48 ,17329360,$187.95 ,$188.62 ,$186.60 
1/24/2018,$186.55 ,23423200,$189.89 ,$190.66 ,$186.52 
1/23/2018,$189.35 ,25535950,$186.05 ,$189.55 ,$185.55 
1/22/2018,$185.37 ,21005910,$180.80 ,$185.39 ,$180.41 
1/19/2018,$181.29 ,26592440,$180.85 ,$182.37 ,$180.17 
1/18/2018,$179.80 ,23244010,$178.13 ,$180.98 ,$177.08 
1/17/2018,$177.60 ,27781620,$179.26 ,$179.32 ,$175.80 
1/16/2018,$178.39 ,35301770,$181.50 ,$181.75 ,$178.04 
1/12/2018,$179.37 ,77429430,$178.06 ,$181.48 ,$177.40 
1/11/2018,$187.77 ,8975761,$188.40 ,$188.40 ,$187.38 
1/10/2018,$187.84 ,10517270,$186.94 ,$187.89 ,$185.63 
1/9/2018,$187.87 ,12358070,$188.70 ,$188.80 ,$187.10 
1/8/2018,$188.28 ,17975230,$187.20 ,$188.90 ,$186.33 
1/5/2018,$186.85 ,13553640,$185.59 ,$186.90 ,$184.93 
1/4/2018,$184.33 ,13863960,$184.90 ,$186.21 ,$184.10 
1/3/2018,$184.67 ,16878260,$181.88 ,$184.78 ,$181.33 
1/2/2018,$181.42 ,17915900,$177.68 ,$181.58 ,$177.55 
12/29/2017,$176.46 ,10220640,$178 ,$178.85 ,$176.46 
12/28/2017,$177.92 ,12186930,$177.95 ,$178.94 ,$177.68 
12/27/2017,$177.62 ,9491241,$176.55 ,$178.44 ,$176.26 
12/26/2017,$175.99 ,8872001,$176.63 ,$177 ,$174.67 
12/22/2017,$177.20 ,8498301,$177.14 ,$177.53 ,$176.23 
12/21/2017,$177.45 ,11143880,$177.94 ,$178.68 ,$177.05 
12/20/2017,$177.89 ,11841860,$179.81 ,$179.81 ,$177.36 
12/19/2017,$179.51 ,14841100,$179.95 ,$180.08 ,$178.22 
12/18/2017,$180.82 ,17208480,$181.01 ,$181.30 ,$179.75 
12/15/2017,$180.18 ,28450570,$179.02 ,$180.49 ,$178.36 
12/14/2017,$178.39 ,13566430,$178.29 ,$180.36 ,$177.68 
12/13/2017,$178.30 ,14607730,$177.30 ,$179.16 ,$177.25 
12/12/2017,$176.96 ,16785360,$178.60 ,$179.18 ,$176.60 
12/11/2017,$179.04 ,13153390,$179.30 ,$180.22 ,$178.80 
12/8/2017,$179 ,19505890,$181.53 ,$182.28 ,$178.74 
12/7/2017,$180.14 ,20326090,$175.80 ,$180.39 ,$175.80 
12/6/2017,$176.06 ,20177280,$172.50 ,$176.77 ,$171.90 
12/5/2017,$172.83 ,20162370,$170.45 ,$175.38 ,$169.01 
12/4/2017,$171.47 ,24420700,$176.29 ,$176.57 ,$170.79 
12/1/2017,$175.10 ,19977450,$176.03 ,$177.48 ,$172.34 
11/30/2017,$177.18 ,25129620,$176.85 ,$178.28 ,$175.20 
11/29/2017,$175.13 ,41867070,$181.89 ,$181.97 ,$174 
11/28/2017,$182.42 ,14366700,$183.51 ,$184.25 ,$182.09 
11/27/2017,$183.03 ,12290390,$182.56 ,$183.73 ,$181.99 
11/24/2017,$182.78 ,9426283,$180.40 ,$183.15 ,$180.29 
11/22/2017,$180.87 ,10367990,$181.30 ,$181.73 ,$180.44 
11/21/2017,$181.86 ,14466710,$179.15 ,$181.89 ,$178.99 
11/20/2017,$178.74 ,9579637,$178.87 ,$179.50 ,$178.10 
11/17/2017,$179 ,13005190,$179.30 ,$179.98 ,$178.90 
11/16/2017,$179.59 ,15230070,$178.76 ,$179.83 ,$178.50 
11/15/2017,$177.95 ,10220940,$176.66 ,$178.57 ,$176.40 
11/14/2017,$178.07 ,9535750,$178.13 ,$178.97 ,$177.18 
11/13/2017,$178.77 ,9514524,$177.50 ,$179.04 ,$177.30 
11/10/2017,$178.46 ,11058700,$178.35 ,$179.10 ,$177.96 
11/9/2017,$179.30 ,12599830,$178.31 ,$179.40 ,$177.09 
11/8/2017,$179.56 ,10467000,$179.79 ,$180.35 ,$179.11 
11/7/2017,$180.25 ,12895890,$180.50 ,$180.75 ,$178.96 
11/6/2017,$180.17 ,13274060,$178.56 ,$180.45 ,$178.31 
11/3/2017,$178.92 ,17789310,$179.29 ,$179.86 ,$176.71 
11/2/2017,$178.92 ,35448690,$180.63 ,$181.94 ,$177.34 
11/1/2017,$182.66 ,37999510,$182.36 ,$182.90 ,$180.57 
10/31/2017,$180.06 ,19936260,$180.57 ,$180.80 ,$178.94 
10/30/2017,$179.87 ,24309980,$179.26 ,$180.69 ,$177.61 
10/27/2017,$177.88 ,30266080,$174.15 ,$178.21 ,$173.90 
10/26/2017,$170.63 ,11690100,$171.38 ,$172.29 ,$170.39 
10/25/2017,$170.60 ,15861100,$171.90 ,$172.25 ,$168.89 
10/24/2017,$171.80 ,12163060,$172.30 ,$173.24 ,$171.50 
10/23/2017,$171.27 ,13807700,$175.20 ,$175.34 ,$171.25 
10/20/2017,$174.98 ,12422870,$175.50 ,$175.88 ,$174.63 
10/19/2017,$174.56 ,13873480,$174.93 ,$176.03 ,$172.63 
10/18/2017,$176.03 ,12723070,$176.65 ,$176.74 ,$175.75 
10/17/2017,$176.11 ,15926670,$174.71 ,$176.13 ,$174.36 
10/16/2017,$174.52 ,11455560,$174.49 ,$175 ,$174.06 
10/13/2017,$173.74 ,13601140,$173.45 ,$174.65 ,$173.20 
10/12/2017,$172.55 ,10461960,$172.61 ,$173.85 ,$172.29 
10/11/2017,$172.74 ,11251830,$171.95 ,$172.78 ,$171.40 
10/10/2017,$171.59 ,11330830,$173 ,$173.20 ,$170.80 
10/9/2017,$172.50 ,14552670,$172.70 ,$174.88 ,$172 
10/6/2017,$172.23 ,12711640,$170.25 ,$172.37 ,$169.75 
10/5/2017,$171.24 ,14453310,$169.18 ,$171.31 ,$168.60 
10/4/2017,$168.42 ,11926980,$169.83 ,$170.67 ,$168.29 
10/3/2017,$169.96 ,8177141,$169.30 ,$170.73 ,$169.20 
10/2/2017,$169.47 ,13350740,$171.39 ,$171.87 ,$168.75 
9/29/2017,$170.87 ,15274870,$168.83 ,$171.66 ,$168.81 
9/28/2017,$168.73 ,12157690,$167.94 ,$169.07 ,$167.16 
9/27/2017,$167.68 ,19131680,$165.90 ,$168.34 ,$165.57 
9/26/2017,$164.21 ,23083780,$164.50 ,$165.50 ,$162.78 
9/25/2017,$162.87 ,41207930,$169.24 ,$169.30 ,$161.56 
9/22/2017,$170.54 ,12040370,$170.21 ,$171.73 ,$169.22 
9/21/2017,$171.11 ,11088960,$171.69 ,$172.27 ,$170.01 
9/20/2017,$172.17 ,12226570,$172.50 ,$173.05 ,$170.70 
9/19/2017,$172.52 ,13021560,$170.62 ,$172.56 ,$170.36 
9/18/2017,$170.01 ,12898300,$171.99 ,$172.07 ,$169.34 
9/15/2017,$171.64 ,15643240,$170.88 ,$172.34 ,$170.26 
9/14/2017,$170.96 ,15564130,$172.26 ,$172.28 ,$170.50 
9/13/2017,$173.05 ,9112378,$173.01 ,$173.17 ,$172.06 
9/12/2017,$172.96 ,11179730,$173.76 ,$174 ,$171.75 
9/11/2017,$173.51 ,12353760,$172.40 ,$173.89 ,$172.20 
9/8/2017,$170.95 ,10985350,$173.09 ,$173.49 ,$170.80 
9/7/2017,$173.21 ,18039640,$171.94 ,$173.31 ,$170.27 
9/6/2017,$172.09 ,13886740,$170.91 ,$172.48 ,$169.57 
9/5/2017,$170.72 ,13214940,$171.27 ,$172.39 ,$169.55 
9/1/2017,$172.02 ,11663360,$172.40 ,$172.92 ,$171.31 
8/31/2017,$171.97 ,17216280,$170.40 ,$172.15 ,$170.06 
8/30/2017,$169.92 ,11117630,$168.17 ,$170.18 ,$167.63 
8/29/2017,$168.05 ,11111780,$165.25 ,$168.43 ,$165 
8/28/2017,$167.24 ,8477431,$166.91 ,$167.70 ,$166.33 
8/25/2017,$166.32 ,12589850,$167.86 ,$168.38 ,$166.18 
8/24/2017,$167.74 ,14015950,$168.88 ,$169.29 ,$166.41 
8/23/2017,$168.71 ,9838383,$168.84 ,$169.36 ,$168.20 
8/22/2017,$169.64 ,11377350,$168.28 ,$169.87 ,$167.15 
8/21/2017,$167.78 ,11898620,$167.16 ,$168 ,$165.82 
8/18/2017,$167.41 ,15065590,$166.84 ,$168.67 ,$166.21 
8/17/2017,$166.91 ,17009420,$169.34 ,$169.86 ,$166.85 
8/16/2017,$170 ,15732840,$171.25 ,$171.38 ,$169.24 
8/15/2017,$171 ,8713651,$171.49 ,$171.50 ,$170.01 
8/14/2017,$170.75 ,12940140,$170.09 ,$171.08 ,$169.29 
8/11/2017,$168.08 ,13778190,$167.95 ,$168.82 ,$166.85 
8/10/2017,$167.40 ,20551720,$170.06 ,$170.59 ,$166.85 
8/9/2017,$171.18 ,10800730,$169.98 ,$171.45 ,$169.56 
8/8/2017,$171.23 ,14317200,$171.88 ,$173.05 ,$170.62 
8/7/2017,$171.98 ,12765230,$169.95 ,$172.06 ,$169.66 
8/4/2017,$169.62 ,10505980,$168.97 ,$170.06 ,$168.69 
8/3/2017,$168.59 ,10519470,$169.30 ,$169.70 ,$168.25 
8/2/2017,$169.30 ,17181110,$170.30 ,$170.55 ,$166.91 
8/1/2017,$169.86 ,14286110,$169.82 ,$170.47 ,$169.05 
7/31/2017,$169.25 ,25429310,$172 ,$172.72 ,$168.55 
7/28/2017,$172.45 ,24546680,$169.07 ,$173.43 ,$169.05 
7/27/2017,$170.44 ,68454830,$174.70 ,$175.49 ,$167.50 
7/26/2017,$165.61 ,32989200,$166.01 ,$166.01 ,$164.10 
7/25/2017,$165.28 ,15309000,$165.01 ,$165.54 ,$163.86 
7/24/2017,$166 ,17208500,$164.64 ,$166.17 ,$164.31 
7/21/2017,$164.43 ,14712450,$164.16 ,$165.05 ,$163.75 
7/20/2017,$164.53 ,18409730,$164.80 ,$165 ,$162.81 
7/19/2017,$164.14 ,26144510,$163.59 ,$165.70 ,$163.17 
7/18/2017,$162.86 ,23686800,$159.66 ,$163.73 ,$159.42 
7/17/2017,$159.73 ,12757430,$160.25 ,$160.78 ,$158.81 
7/14/2017,$159.97 ,16305570,$160.13 ,$160.32 ,$159.33 
7/13/2017,$159.26 ,13912150,$158.74 ,$159.78 ,$158.42 
7/12/2017,$158.90 ,22710090,$156.49 ,$159.16 ,$156.20 
7/11/2017,$155.27 ,13652540,$153.37 ,$155.42 ,$152.91 
7/10/2017,$153.50 ,13326410,$151.69 ,$153.98 ,$151.51 
7/7/2017,$151.44 ,13249750,$149.25 ,$151.99 ,$149.19 
7/6/2017,$148.82 ,14934450,$149.03 ,$150.04 ,$148 
7/5/2017,$150.34 ,14321330,$149 ,$150.85 ,$148.13 
7/3/2017,$148.43 ,13862740,$151.72 ,$152.15 ,$147.80 
6/30/2017,$150.98 ,14909670,$151.90 ,$151.92 ,$150.06 
6/29/2017,$151.04 ,23948630,$152.28 ,$152.50 ,$148.92 
6/28/2017,$153.24 ,16696230,$150.92 ,$153.47 ,$149.86 
6/27/2017,$150.58 ,19351560,$152.84 ,$153.31 ,$150.39 
6/26/2017,$153.59 ,18030200,$156.25 ,$156.50 ,$153.20 
6/23/2017,$155.07 ,17897280,$152.72 ,$155.20 ,$152.65 
6/22/2017,$153.40 ,12835380,$153.01 ,$154.55 ,$152.91 
6/21/2017,$153.91 ,14943770,$152.36 ,$154.08 ,$151.88 
6/20/2017,$152.25 ,14733590,$152.88 ,$153.84 ,$152.21 
6/19/2017,$152.87 ,18944190,$151.71 ,$153.57 ,$151.71 
6/16/2017,$150.64 ,22843010,$149.59 ,$150.83 ,$148.60 
6/15/2017,$149.80 ,18956910,$147.67 ,$150.04 ,$146.37 
6/14/2017,$150.25 ,20774910,$151.26 ,$152.40 ,$149.05 
6/13/2017,$150.68 ,20474720,$150.15 ,$151.18 ,$148.90 
6/12/2017,$148.44 ,33150610,$148.17 ,$149.20 ,$144.56 
6/9/2017,$149.60 ,35541670,$154.77 ,$155.59 ,$146.61 
6/8/2017,$154.71 ,17795860,$154.08 ,$154.73 ,$153.10 
6/7/2017,$153.12 ,12040430,$153.27 ,$153.75 ,$152.34 
6/6/2017,$152.81 ,13443610,$153.41 ,$154.52 ,$152.48 
6/5/2017,$153.63 ,12504820,$153.64 ,$154.71 ,$153.41 
6/2/2017,$153.61 ,16838650,$151.85 ,$153.63 ,$151.30 
6/1/2017,$151.53 ,14511530,$151.75 ,$152.29 ,$150.30 
5/31/2017,$151.46 ,18001140,$152.70 ,$153.35 ,$151.09 
5/30/2017,$152.38 ,13213700,$151.97 ,$152.90 ,$151.64 
5/26/2017,$152.13 ,14984540,$152.23 ,$152.25 ,$151.15 
5/25/2017,$151.96 ,19827210,$150.30 ,$152.59 ,$149.95 
5/24/2017,$150.04 ,17914740,$148.51 ,$150.23 ,$148.42 
5/23/2017,$148.07 ,12807840,$148.52 ,$148.81 ,$147.25 
5/22/2017,$148.24 ,12578390,$148.08 ,$148.59 ,$147.69 
5/19/2017,$148.06 ,16165160,$148.45 ,$149.39 ,$147.96 
5/18/2017,$147.66 ,22778870,$144.72 ,$148.15 ,$144.51 
5/17/2017,$144.85 ,28232610,$148 ,$148.67 ,$144.42 
5/16/2017,$149.78 ,14506870,$150.11 ,$150.21 ,$149.03 
5/15/2017,$150.19 ,14952950,$150.17 ,$151.48 ,$149.77 
5/12/2017,$150.33 ,9584769,$150.40 ,$150.46 ,$149.63 
5/11/2017,$150.04 ,11832750,$150.31 ,$150.65 ,$149.41 
5/10/2017,$150.29 ,11994140,$150.23 ,$150.52 ,$148.86 
5/9/2017,$150.48 ,17381800,$151.49 ,$152.59 ,$150.21 
5/8/2017,$151.06 ,15813350,$150.71 ,$151.08 ,$149.74 
5/5/2017,$150.24 ,17104730,$151.45 ,$151.63 ,$149.79 
5/4/2017,$150.85 ,36185180,$150.17 ,$151.52 ,$148.72 
5/3/2017,$151.80 ,28301550,$153.60 ,$153.60 ,$151.34 
5/2/2017,$152.78 ,21617190,$153.34 ,$153.44 ,$151.66 
5/1/2017,$152.46 ,25170200,$151.74 ,$152.57 ,$151.42 
4/28/2017,$150.25 ,30607510,$149.50 ,$151.53 ,$149.07 
4/27/2017,$147.70 ,11072600,$146.67 ,$147.75 ,$146.14 
4/26/2017,$146.56 ,12388100,$147.09 ,$147.59 ,$146.09 
4/25/2017,$146.49 ,17718030,$145.79 ,$147.15 ,$145.79 
4/24/2017,$145.47 ,14397480,$144.96 ,$145.67 ,$144.34 
4/21/2017,$143.68 ,12172640,$143.90 ,$144.17 ,$142.27 
4/20/2017,$143.80 ,15948700,$142.95 ,$144.25 ,$142.69 
4/19/2017,$142.27 ,15544500,$141.35 ,$143.04 ,$141.27 
4/18/2017,$140.96 ,14795020,$141.27 ,$141.91 ,$140.61 
4/17/2017,$141.42 ,11488510,$139.76 ,$141.55 ,$139.75 
4/13/2017,$139.39 ,10939950,$139.62 ,$140.58 ,$139.33 
4/12/2017,$139.58 ,11600930,$139.72 ,$140.40 ,$139.44 
4/11/2017,$139.92 ,16627940,$140.80 ,$141.03 ,$138.81 
4/10/2017,$141.04 ,9033921,$141 ,$141.43 ,$140.63 
4/7/2017,$140.78 ,11811450,$141.20 ,$141.55 ,$140.24 
4/6/2017,$141.17 ,15089610,$142.11 ,$142.22 ,$140.91 
4/5/2017,$141.85 ,17132150,$142.26 ,$143.44 ,$141.29 
4/4/2017,$141.73 ,11934110,$141.86 ,$142.09 ,$141.27 
4/3/2017,$142.28 ,13552550,$141.93 ,$142.47 ,$140.82 
3/31/2017,$142.05 ,11366390,$142.31 ,$142.63 ,$141.89 
3/30/2017,$142.41 ,12393610,$142.40 ,$142.95 ,$141.85 
3/29/2017,$142.65 ,16504590,$141.99 ,$142.86 ,$141.43 
3/28/2017,$141.76 ,14660670,$140.36 ,$141.95 ,$140.01 
3/27/2017,$140.32 ,12791820,$139.05 ,$140.65 ,$138.77 
3/24/2017,$140.34 ,16636900,$140.08 ,$141.02 ,$139.76 
3/23/2017,$139.53 ,12992700,$139.48 ,$140.39 ,$139.09 
3/22/2017,$139.59 ,17020610,$137.93 ,$139.79 ,$137.60 
3/21/2017,$138.51 ,29855980,$141.15 ,$142.31 ,$138.40 
3/20/2017,$139.94 ,12002150,$139.71 ,$140.19 ,$139.25 
3/17/2017,$139.84 ,20487730,$140.34 ,$140.34 ,$139.70 
3/16/2017,$139.99 ,13604260,$140.20 ,$140.25 ,$139.73 
3/15/2017,$139.72 ,19315340,$139.29 ,$140.10 ,$138.49 
3/14/2017,$139.32 ,12935370,$139.46 ,$139.46 ,$138.52 
3/13/2017,$139.60 ,10949000,$138.71 ,$139.68 ,$138.67 
3/10/2017,$138.79 ,16299220,$138.91 ,$139.49 ,$138.22 
3/9/2017,$138.24 ,15523900,$137.72 ,$138.57 ,$137.40 
3/8/2017,$137.72 ,10174840,$137.15 ,$137.99 ,$137.05 
3/7/2017,$137.30 ,13517880,$137.03 ,$138.37 ,$136.99 
3/6/2017,$137.42 ,12562040,$136.88 ,$137.83 ,$136.51 
3/3/2017,$137.17 ,11154380,$136.63 ,$137.33 ,$136.08 
3/2/2017,$136.76 ,12278560,$137.09 ,$137.82 ,$136.31 
3/1/2017,$137.42 ,16241330,$136.47 ,$137.48 ,$136.30 
2/28/2017,$135.54 ,16096310,$136.79 ,$136.81 ,$134.75 
2/27/2017,$136.41 ,14300970,$135.26 ,$137.18 ,$135.02 
2/24/2017,$135.44 ,12617180,$134.16 ,$135.62 ,$134.16 
2/23/2017,$135.36 ,18408460,$135.89 ,$136.12 ,$134.33 
2/22/2017,$136.12 ,27331930,$133.60 ,$136.79 ,$133.46 
2/21/2017,$133.72 ,14735860,$133.50 ,$133.91 ,$132.90 
2/17/2017,$133.53 ,12265480,$133.50 ,$134.09 ,$133.17 
2/16/2017,$133.84 ,12816260,$133.07 ,$133.87 ,$133.02 
2/15/2017,$133.44 ,13215470,$133.45 ,$133.70 ,$132.66 
2/14/2017,$133.85 ,14346090,$134.10 ,$134.23 ,$132.55 
2/13/2017,$134.05 ,13511640,$134.70 ,$134.70 ,$133.70 
2/10/2017,$134.19 ,15050270,$134.10 ,$134.94 ,$133.68 
2/9/2017,$134.14 ,16454060,$134.49 ,$134.50 ,$133.31 
2/8/2017,$134.20 ,22370760,$132.60 ,$134.44 ,$132.44 
2/7/2017,$131.84 ,14585030,$132.24 ,$133 ,$131.66 
2/6/2017,$132.06 ,17015610,$130.98 ,$132.06 ,$130.30 
2/3/2017,$130.98 ,24776070,$131.24 ,$132.85 ,$130.76 
2/2/2017,$130.84 ,54281800,$133.22 ,$135.49 ,$130.40 
2/1/2017,$133.23 ,47329480,$132.25 ,$133.49 ,$130.68 
1/31/2017,$130.32 ,19642550,$130.17 ,$130.66 ,$129.52 
1/30/2017,$130.98 ,18919750,$131.58 ,$131.58 ,$129.60 
1/27/2017,$132.18 ,19505970,$132.68 ,$132.95 ,$131.08 
1/26/2017,$132.78 ,19964800,$131.63 ,$133.14 ,$131.44 
1/25/2017,$131.48 ,18745640,$130 ,$131.74 ,$129.77 
1/24/2017,$129.37 ,15140910,$129.38 ,$129.90 ,$128.38 
1/23/2017,$128.93 ,16566300,$127.31 ,$129.25 ,$126.95 
1/20/2017,$127.04 ,19068380,$128.10 ,$128.48 ,$126.78 
1/19/2017,$127.55 ,12171270,$128.23 ,$128.35 ,$127.45 
1/18/2017,$127.92 ,13107440,$128.41 ,$128.43 ,$126.84 
1/17/2017,$127.87 ,15279990,$128.04 ,$128.34 ,$127.40 
1/13/2017,$128.34 ,24857410,$127.49 ,$129.27 ,$127.37 
1/12/2017,$126.62 ,18596580,$125.61 ,$126.73 ,$124.80 
1/11/2017,$126.09 ,18334560,$124.35 ,$126.12 ,$124.06 
1/10/2017,$124.35 ,17299590,$124.82 ,$125.50 ,$124.28 
1/9/2017,$124.90 ,22874170,$123.55 ,$125.43 ,$123.04 
1/6/2017,$123.41 ,28525570,$120.98 ,$123.88 ,$120.03 
1/5/2017,$120.67 ,19459380,$118.86 ,$120.95 ,$118.32 
1/4/2017,$118.69 ,19594560,$117.55 ,$119.66 ,$117.29 
1/3/2017,$116.86 ,20635600,$116.03 ,$117.84 ,$115.51 
12/30/2016,$115.05 ,18668290,$116.60 ,$116.83 ,$114.77 
12/29/2016,$116.35 ,9925082,$117 ,$117.53 ,$116.06 
12/28/2016,$116.92 ,11985740,$118.19 ,$118.25 ,$116.65 
12/27/2016,$118.01 ,12034590,$116.96 ,$118.68 ,$116.86 
12/23/2016,$117.27 ,10885030,$117 ,$117.56 ,$116.30 
12/22/2016,$117.40 ,16226770,$118.86 ,$118.99 ,$116.93 
12/21/2016,$119.04 ,10747610,$118.92 ,$119.20 ,$118.48 
12/20/2016,$119.09 ,13673570,$119.50 ,$119.77 ,$118.80 
12/19/2016,$119.24 ,15871360,$119.85 ,$120.36 ,$118.51 
12/16/2016,$119.87 ,25316220,$120.90 ,$121.50 ,$119.27 
12/15/2016,$120.57 ,20113550,$120.08 ,$122.50 ,$119.63 
12/14/2016,$120.21 ,25890630,$120 ,$121.69 ,$118.85 
12/13/2016,$120.31 ,29568990,$117.86 ,$121.52 ,$117.61 
12/12/2016,$117.77 ,17782470,$119.22 ,$119.24 ,$117.65 
12/9/2016,$119.68 ,17452710,$119.22 ,$119.94 ,$118.95 
12/8/2016,$118.91 ,22427310,$117.98 ,$119.50 ,$117.64 
12/7/2016,$117.95 ,21891800,$117 ,$117.95 ,$116.57 
12/6/2016,$117.31 ,19089060,$117.69 ,$117.80 ,$116.33 
12/5/2016,$117.43 ,20123920,$115.95 ,$117.57 ,$115.07 
12/2/2016,$115.40 ,25050450,$115.11 ,$116.48 ,$114.30 
12/1/2016,$115.10 ,43231480,$118.38 ,$118.45 ,$114 
11/30/2016,$118.42 ,30135230,$120.32 ,$121.79 ,$117.95 
11/29/2016,$120.87 ,18871130,$120.57 ,$122.10 ,$120.40 
11/28/2016,$120.41 ,18081770,$120.12 ,$121.69 ,$119.82 
11/25/2016,$120.38 ,8658605,$121.01 ,$121.14 ,$120.07 
11/23/2016,$120.84 ,15646580,$121.23 ,$121.31 ,$119.94 
11/22/2016,$121.47 ,26006340,$122.40 ,$122.98 ,$120.90 
11/21/2016,$121.77 ,35359460,$118.20 ,$121.95 ,$117.80 
11/18/2016,$117.02 ,22768330,$118.39 ,$119.13 ,$116.84 
11/17/2016,$117.79 ,18570820,$116.81 ,$117.79 ,$116.01 
11/16/2016,$116.34 ,32358800,$114.48 ,$117.88 ,$114.21 
11/15/2016,$117.20 ,34629110,$116.73 ,$118.49 ,$115.83 
11/14/2016,$115.08 ,51315610,$119.13 ,$119.13 ,$113.55 
11/11/2016,$119.02 ,32814370,$119.53 ,$120.70 ,$118.15 
11/10/2016,$120.80 ,67808300,$123.93 ,$124.18 ,$115.27 
11/9/2016,$123.18 ,31883790,$121.50 ,$123.81 ,$120.51 
11/8/2016,$124.22 ,19391790,$122.03 ,$124.61 ,$121.54 
11/7/2016,$122.15 ,22957100,$122.83 ,$123.21 ,$121.35 
11/4/2016,$120.75 ,30468330,$119.59 ,$121.93 ,$119.25 
11/3/2016,$120 ,63660540,$122 ,$123.28 ,$119.50 
11/2/2016,$127.17 ,43895660,$130.23 ,$130.23 ,$126.28 
11/1/2016,$129.50 ,21974210,$131.41 ,$131.94 ,$128.65 
10/31/2016,$130.99 ,15649280,$132.01 ,$132.12 ,$130.88 
10/28/2016,$131.29 ,24500920,$130.50 ,$132.97 ,$129.93 
10/27/2016,$129.69 ,16628680,$131.74 ,$131.80 ,$129.27 
10/26/2016,$131.04 ,13066210,$131.64 ,$132.26 ,$130.94 
10/25/2016,$132.29 ,13307700,$133.50 ,$133.50 ,$132.22 
10/24/2016,$133.28 ,17420290,$132.72 ,$133.41 ,$132.15 
10/21/2016,$132.07 ,18983740,$129.78 ,$132.13 ,$129.70 
10/20/2016,$130 ,13148980,$130.07 ,$130.66 ,$129.50 
10/19/2016,$130.11 ,16723000,$128.74 ,$130.47 ,$128.60 
10/18/2016,$128.57 ,13487280,$128.68 ,$129.39 ,$128.01 
10/17/2016,$127.54 ,11317650,$128.20 ,$128.47 ,$127.32 
10/14/2016,$127.88 ,13335970,$128.49 ,$128.95 ,$127.58 
10/13/2016,$127.82 ,17106910,$128.21 ,$128.25 ,$126.75 
10/12/2016,$129.05 ,11043240,$129.01 ,$129.66 ,$128.46 
10/11/2016,$128.88 ,17508530,$130.23 ,$130.64 ,$128.23 
10/10/2016,$130.24 ,15113560,$129.68 ,$130.70 ,$129.20 
10/7/2016,$128.99 ,12800360,$129.04 ,$129.25 ,$128.33 
10/6/2016,$128.74 ,11673340,$128.43 ,$129.06 ,$128.08 
10/5/2016,$128.47 ,12354920,$128.25 ,$128.80 ,$127.83 
10/4/2016,$128.19 ,14294610,$129.17 ,$129.28 ,$127.55 
10/3/2016,$128.77 ,13134510,$128.38 ,$129.09 ,$127.80 
9/30/2016,$128.27 ,18392040,$128.03 ,$128.59 ,$127.45 
9/29/2016,$128.09 ,14489880,$129.18 ,$129.29 ,$127.55 
9/28/2016,$129.23 ,12035720,$129.21 ,$129.47 ,$128.40 
9/27/2016,$128.69 ,15600130,$127.61 ,$129.01 ,$127.43 
9/26/2016,$127.31 ,15041370,$127.37 ,$128.16 ,$126.80 
9/23/2016,$127.96 ,28293920,$127.56 ,$128.60 ,$127.30 
9/22/2016,$130.08 ,15358850,$130.50 ,$130.73 ,$129.56 
9/21/2016,$129.94 ,14045780,$129.13 ,$130.01 ,$128.39 
9/20/2016,$128.64 ,11076150,$128.65 ,$129.17 ,$128.03 
9/19/2016,$128.65 ,14927990,$129.91 ,$129.94 ,$128.26 
9/16/2016,$129.07 ,24083560,$128.20 ,$129.18 ,$128.20 
9/15/2016,$128.35 ,15084660,$127.98 ,$129.10 ,$127.67 
9/14/2016,$127.77 ,15712050,$126.89 ,$128.80 ,$126.89 
9/13/2016,$127.21 ,17987510,$128.03 ,$128.35 ,$126.66 
9/12/2016,$128.69 ,21159830,$125.96 ,$128.76 ,$125.75 
9/9/2016,$127.10 ,26963940,$129.71 ,$129.95 ,$127.10 
9/8/2016,$130.27 ,15655250,$130.92 ,$131.08 ,$129.81 
9/7/2016,$131.05 ,27942000,$130.04 ,$131.98 ,$129.95 
9/6/2016,$129.73 ,26241480,$126.67 ,$129.94 ,$126.47 
9/2/2016,$126.51 ,12074470,$126.85 ,$126.86 ,$126 
9/1/2016,$126.17 ,13522260,$126.38 ,$126.63 ,$125.60 
8/31/2016,$126.12 ,14183190,$125.60 ,$126.22 ,$125.10 
8/30/2016,$125.84 ,17778300,$126.60 ,$126.60 ,$125.15 
8/29/2016,$126.54 ,15901270,$124.35 ,$126.73 ,$124.35 
8/26/2016,$124.96 ,17467840,$124.05 ,$125.19 ,$123.91 
8/25/2016,$123.89 ,10720680,$123.12 ,$124.37 ,$123.10 
8/24/2016,$123.48 ,12226720,$124.47 ,$124.69 ,$123.09 
8/23/2016,$124.37 ,13302050,$124.51 ,$125.09 ,$124.25 
8/22/2016,$124.15 ,14377070,$123.33 ,$124.83 ,$123.11 
8/19/2016,$123.56 ,11582430,$123.60 ,$124.16 ,$123.28 
8/18/2016,$123.91 ,12378280,$124.01 ,$124.26 ,$123.64 
8/17/2016,$124.37 ,13759700,$123.66 ,$124.38 ,$122.85 
8/16/2016,$123.30 ,14209580,$123.50 ,$123.92 ,$122.78 
8/15/2016,$123.90 ,19280400,$124.91 ,$124.92 ,$123.70 
8/12/2016,$124.88 ,12146150,$124.70 ,$125 ,$124.18 
8/11/2016,$124.90 ,11708610,$125.20 ,$125.38 ,$124.75 
8/10/2016,$124.88 ,10645370,$125.07 ,$125.48 ,$124.54 
8/9/2016,$125.06 ,19587330,$125.34 ,$126.09 ,$124.53 
8/8/2016,$125.26 ,15216950,$125.25 ,$125.45 ,$124.55 
8/5/2016,$125.15 ,20144810,$124.98 ,$125.84 ,$124.62 
8/4/2016,$124.36 ,21052200,$122.94 ,$124.79 ,$122.51 
8/3/2016,$122.51 ,18479970,$123.09 ,$123.92 ,$122.31 
8/2/2016,$123.09 ,23919790,$124.06 ,$124.80 ,$122.07 
8/1/2016,$124.31 ,24986020,$123.85 ,$124.58 ,$122.86 
7/29/2016,$123.94 ,34943890,$124.65 ,$125.84 ,$123.71 
7/28/2016,$125 ,78673980,$127.52 ,$128.33 ,$123.63 
7/27/2016,$123.34 ,50218420,$122.42 ,$125 ,$121.51 
7/26/2016,$121.22 ,17417060,$122 ,$122.07 ,$120.75 
7/25/2016,$121.63 ,18453230,$121.39 ,$121.85 ,$117.78 
7/22/2016,$121 ,18363590,$119.90 ,$121.01 ,$119.31 
7/21/2016,$120.61 ,17787630,$121.92 ,$122.10 ,$120.25 
7/20/2016,$121.92 ,19991920,$121.25 ,$122.20 ,$120.56 
7/19/2016,$120.61 ,21502910,$118.99 ,$120.85 ,$118.66 
7/18/2016,$119.37 ,20816900,$117.32 ,$119.61 ,$116.89 
7/15/2016,$116.86 ,16601530,$117.74 ,$118.28 ,$116.58 
7/14/2016,$117.29 ,14554060,$117.50 ,$117.64 ,$116.70 
